emd_cd,emd,total_area,melliferous_area,melliferous_ratio
11110101.0,청운동,654881.2686192499,0.0,0.0
11110102.0,신교동,46127.46940806,0.0,0.0
11110103.0,궁정동,26490.314701,0.0,0.0
11110109.0,누상동,466174.560654147,0.0,0.0
11110111.0,옥인동,674732.37033808,0.0,0.0
11110113.0,필운동,33066.1937465,0.0,0.0
11110115.0,사직동,141290.12433877002,0.0,0.0
11110119.0,세종로,398510.09985581,0.0,0.0
11110121.0,신문로2가,17018.09795643,0.0,0.0
11110130.0,와룡동,553364.29202446,0.0,0.0
11110131.0,권농동,131372.3536347,0.0,0.0
11110140.0,삼청동,1546265.21788321,0.0,0.0
11110148.0,계동,31555.7757114,0.0,0.0
11110149.0,원서동,245424.3623387,0.0,0.0
11110150.0,훈정동,132482.40447926,0.0,0.0
11110159.0,원남동,112563.662071,0.0,0.0
11110165.0,이화동,21764.6450953,0.0,0.0
11110168.0,동숭동,64882.43482008,0.0,0.0
11110169.0,혜화동,25235.63727904,0.0,0.0
11110173.0,명륜3가,602051.41854825,0.0,0.0
11110174.0,창신동,14517.06166648,0.0,0.0
11110175.0,숭인동,20125.0322867,0.0,0.0
11110181.0,행촌동,36500.42816190001,0.0,0.0
11110182.0,구기동,5309605.113448618,82550.56651379801,0.015547402254963733
11110183.0,평창동,5460805.351850351,104911.15827533,0.019211664125655326
11110184.0,부암동,1508935.175010802,0.0,0.0
11110185.0,홍지동,363954.52919521,0.0,0.0
11110186.0,신영동,189442.93180943,0.0,0.0
11110187.0,무악동,405731.11869114,69838.9234309,0.17213104988396122
11140112.0,남창동,14038.7393873,0.0,0.0
11140118.0,남대문로5가,36493.497508500004,0.0,0.0
11140121.0,회현동1가,224528.34629574002,0.0,0.0
11140129.0,남산동2가,80966.54980360002,0.0,0.0
11140138.0,필동2가,47277.2613798,0.0,0.0
11140139.0,필동3가,70913.92912556001,0.0,0.0
11140142.0,예장동,741905.8067303901,0.0,0.0
11140144.0,장충동2가,978767.217784229,0.0,0.0
11140162.0,신당동,371962.31949519,0.0,0.0
11140171.0,중림동,12456.2700699,0.0,0.0
11140173.0,만리동1가,14574.81171157,0.0,0.0
11140174.0,만리동2가,12456.2700699,0.0,0.0
11170101.0,후암동,308762.55085213,0.0,0.0
11170102.0,용산동2가,1057021.3324798,73624.94313630002,0.06965322351969373
11170103.0,용산동4가,1415301.73343261,0.0,0.0
11170106.0,용산동1가,652191.8186629,55120.3238699,0.08451550953660487
11170110.0,청파동2가,30300.6955958,0.0,0.0
11170119.0,효창동,81394.02298733,0.0,0.0
11170124.0,한강로1가,44846.8546648,0.0,0.0
11170125.0,한강로2가,5863.80236505,0.0,0.0
11170126.0,용산동3가,757992.51459199,0.0,0.0
11170127.0,용산동5가,767025.84584461,0.0,0.0
11170128.0,한강로3가,49764.5244953,0.0,0.0
11170129.0,이촌동,20608.0132707,0.0,0.0
11170130.0,이태원동,824706.33431288,0.0,0.0
11170131.0,한남동,1352482.75324558,0.0,0.0
11170132.0,동빙고동,85676.64165592,0.0,0.0
11170133.0,서빙고동,181026.44934394,0.0,0.0
11170135.0,용산동6가,1140393.52063831,0.0,0.0
11200102.0,하왕십리동,25428.784530800003,0.0,0.0
11200105.0,마장동,26483.24907803,22715.0148753,0.8577125415530659
11200106.0,사근동,39341.287910189996,32005.32675924,0.8135302238275257
11200107.0,행당동,56567.06757394,9290.31188394,0.1642353454471798
11200108.0,응봉동,75833.169507263,0.0,0.0
11200109.0,금호동1가,74790.08493768,0.0,0.0
11200110.0,금호동2가,60409.59792904,2565.34642568,0.04246587485474375
11200111.0,금호동3가,56402.80005616,2565.34642568,0.045482607656458486
11200112.0,금호동4가,197679.44283249,0.0,0.0
11200113.0,옥수동,321754.38031657,0.0,0.0
11200114.0,성수동1가,320800.71331826004,0.0,0.0
11215101.0,중곡동,2378520.25814695,25440.66901726,0.010696006868186288
11215102.0,능동,152382.32723944,0.0,0.0
11215103.0,구의동,1006825.0479212301,0.0,0.0
11215104.0,광장동,846552.347962877,18808.89216571,0.022218226918832913
11215105.0,자양동,14271.4313359,0.0,0.0
11215107.0,화양동,18681.39351509,0.0,0.0
11230104.0,전농동,335431.70585527,15482.2112672,0.046156075877574226
11230105.0,답십리동,128014.72296977,53545.0315926,0.41827244828115884
11230107.0,청량리동,458915.85353358,0.0,0.0
11230108.0,회기동,532942.76858246,9695.43935144,0.01819227114616504
11230109.0,휘경동,314143.85945601,5411.47800292,0.017226114214967735
11230110.0,이문동,298766.51160489,0.0,0.0
11260101.0,면목동,2939120.82111295,64034.92630955001,0.021787102404759957
11260102.0,상봉동,605696.740620492,0.0,0.0
11260103.0,중화동,483588.86082492,0.0,0.0
11260104.0,묵동,829661.54114037,0.0,0.0
11260105.0,망우동,2137805.300977289,5618.79325441,0.002628299804402857
11260106.0,신내동,1877479.17952503,5618.79325441,0.0029927326575368246
11290101.0,성북동,1773499.42129022,54752.805049639996,0.030872750446012186
11290103.0,돈암동,275300.90807373,40264.482318359995,0.14625626410057652
11290111.0,삼선동1가,47313.00947879,0.0,0.0
11290112.0,삼선동2가,18906.38635741,0.0,0.0
11290113.0,삼선동3가,8927.26833146,0.0,0.0
11290121.0,안암동1가,13333.9898805,0.0,0.0
11290123.0,안암동3가,22187.5765228,0.0,0.0
11290124.0,안암동4가,22187.5765228,0.0,0.0
11290125.0,안암동5가,281105.74688017,0.0,0.0
11290132.0,보문동3가,16754.21354659,0.0,0.0
11290133.0,정릉동,6847428.408322511,304129.51392054,0.04441514328954421
11290135.0,종암동,339028.83545704006,5886.87812808,0.01736394522355003
11290136.0,하월곡동,850056.59584034,0.0,0.0
11290137.0,상월곡동,757106.178882138,0.0,0.0
11290138.0,장위동,101504.545871651,7467.83830994,0.07357146663542363
11290139.0,석관동,449940.17139895,0.0,0.0
11305101.0,미아동,790964.609215414,0.0,0.0
11305102.0,번동,942586.260725584,0.0,0.0
11305103.0,수유동,5085815.382746757,49309.180012740006,0.009695432551487743
11305104.0,우이동,11712672.531243041,0.0,0.0
11320105.0,쌍문동,539889.814617669,56859.766896605994,0.10531735431399476
11320106.0,방학동,2532116.189551692,18090.466748860003,0.007144406257306422
11320107.0,창동,590866.839418861,24137.38100861,0.04085079648800395
11320108.0,도봉동,9095760.463859929,186280.40265271,0.020479915164087224
11350102.0,월계동,1423407.8540028,47889.3538168,0.03364415454230436
11350103.0,공릉동,4165144.28454477,6183.76482949,0.0014846460067267167
11350104.0,하계동,454633.06075929303,0.0,0.0
11350105.0,상계동,11019250.475541547,514708.57666708,0.04670994436595601
11350106.0,중계동,3544882.004067984,32891.61877871,0.009278621613064897
11380101.0,수색동,925584.34466471,497795.33777910005,0.537817369803748
11380102.0,녹번동,1044729.879778986,277690.2155684,0.2658009701293752
11380103.0,불광동,3421969.182176054,281343.27733070997,0.08221677705227078
11380104.0,갈현동,859601.3193809501,407584.93687439,0.4741557832506773
11380105.0,구산동,1189039.73902531,686677.5468988,0.5775059691963612
11380107.0,응암동,728349.2729385,76056.74320018,0.10442344905944877
11380108.0,역촌동,259090.93411139998,112502.673671,0.43422080381487915
11380109.0,신사동,1084946.538781732,454195.08702844003,0.41863361077537325
11380110.0,증산동,421120.6421379,346953.70065545,0.8238819614590079
11380114.0,진관동,9924006.67023607,986194.8910039001,0.09937467030949111
11410106.0,천연동,224471.6928851,199247.9111,0.8876304559345429
11410107.0,옥천동,224471.6928851,199247.9111,0.8876304559345429
11410108.0,영천동,239996.11327805,199247.9111,0.8302130746140844
11410109.0,현저동,680987.58657357,216499.5103514,0.3179199072346242
11410110.0,북아현동,320155.06259063,199247.9111,0.6223481505734321
11410111.0,홍제동,2076572.7951316312,199303.79627076,0.09597727406330891
11410112.0,대현동,39271.54883528,0.0,0.0
11410113.0,대신동,90094.98066311001,76691.8996937,0.851233877062166
11410114.0,신촌동,522416.052275012,118193.1011351,0.22624324160866405
11410115.0,봉원동,641291.97486272,20155.597635240003,0.03142967388536971
11410117.0,연희동,1411211.535865028,334281.5371266,0.23687557012612995
11410118.0,홍은동,2455436.631238826,329086.17740164,0.13402348617549467
11440101.0,아현동,15235.64482801,0.0,0.0
11440102.0,공덕동,26715.5086722,0.0,0.0
11440108.0,대흥동,69198.46967790002,0.0,0.0
11440110.0,노고산동,69198.46967790002,0.0,0.0
11440111.0,신수동,66031.55925210002,0.0,0.0
11440114.0,창전동,77928.50942658,0.0,0.0
11440115.0,상수동,75464.4242974,0.0,0.0
11440125.0,성산동,278754.83839538,127145.32734731,0.4561188178085352
11440127.0,상암동,261580.834525946,178817.70421761996,0.6836039977534485
11470101.0,신정동,1673685.5704063019,845009.3390785101,0.5048793835710591
11470102.0,목동,201359.82957141098,84005.186346305,0.41718939932114457
11470103.0,신월동,1532121.931181683,778755.923129153,0.5082858663399722
11500101.0,염창동,55284.373032197,15603.26731614,0.2822364885471855
11500102.0,등촌동,428876.55249315,215542.40844112998,0.5025744755411236
11500103.0,화곡동,1169220.04340381,394951.69634008995,0.3377907337187913
11500104.0,가양동,109923.974529258,49342.39419993,0.44887745745398555
11500105.0,마곡동,135904.01858714002,49342.39419993,0.36306795570060535
11500106.0,내발산동,361942.61391406,81276.50560640001,0.22455633153408783
11500107.0,외발산동,1075667.39993898,186130.01264834,0.17303677015674057
11500108.0,공항동,2090114.9711185,0.0,0.0
11500109.0,방화동,1487017.851136667,220587.43806948,0.14834215870432516
11500110.0,개화동,1093870.538393524,263887.56928698,0.24124204832733642
11500111.0,과해동,3224046.4335148,0.0,0.0
11500112.0,오곡동,3016308.2896533003,0.0,0.0
11500113.0,오쇠동,1640125.0256608701,0.0,0.0
11530106.0,고척동,293365.854298088,94020.78958177501,0.3204898873003837
11530107.0,개봉동,798068.263415116,257099.01149041997,0.32215165453420574
11530108.0,오류동,977750.607490408,532499.317031156,0.5446167079332446
11530109.0,궁동,1325310.918948469,730736.9410580101,0.5513701959369601
11530110.0,온수동,360499.303289233,185261.35419351998,0.5139021143818481
11530111.0,천왕동,806937.17655469,341316.87367063,0.4229782486016088
11530112.0,항동,731581.17229036,492825.24426967,0.6736439686204373
11545102.0,독산동,513286.460733352,156070.22725355,0.3040606740933055
11545103.0,시흥동,3159487.670354365,633738.89667033,0.20058280417320015
11590101.0,노량진동,7555.51425219,0.0,0.0
11590102.0,상도동,837407.289406551,264121.881910287,0.31540432624782067
11590104.0,본동,92865.0487043,22168.6102728,0.2387185553887887
11590105.0,흑석동,316912.128265189,84519.97404975,0.26669845206752235
11590106.0,동작동,974231.6750209141,144850.8103612,0.14868209900698462
11590107.0,사당동,872660.795172979,280967.37172625796,0.3219663049840168
11590108.0,대방동,215356.81002251,24291.5209393,0.11279662313330582
11590109.0,신대방동,136824.99121876,0.0,0.0
11620101.0,봉천동,3592196.481537935,551669.771780097,0.1535744981142873
11620102.0,신림동,12753176.074524,1055466.995236473,0.08276110900286987
11620103.0,남현동,3616100.14228093,156044.13504573,0.043152603331195895
11650101.0,방배동,2917432.153795658,701477.72907816,0.24044354490489814
11650102.0,양재동,1320074.86094828,232118.6239483,0.17583747014283482
11650103.0,우면동,2813581.4966878,626617.2312831401,0.22271159801868382
11650104.0,원지동,4490066.711927338,727971.1960310302,0.1621292605958971
11650107.0,반포동,334212.852666947,138538.15863533,0.4145207388938671
11650108.0,서초동,1733153.67882632,328395.79479446,0.18947875125352268
11650109.0,내곡동,7676823.217100906,1200981.66089855,0.15644253188262053
11650110.0,염곡동,1285269.47214051,267466.43340133,0.2081014442487977
11650111.0,신원동,2268509.92004439,434737.72043137,0.19164021130789813
11680103.0,개포동,2587375.356529959,523382.77744333,0.2022832814428832
11680104.0,청담동,43975.63696634,11184.2544255,0.2543284235782803
11680105.0,삼성동,234709.65031668398,0.0,0.0
11680106.0,대치동,11527.2053884,0.0,0.0
11680108.0,논현동,29327.9081558,0.0,0.0
11680111.0,세곡동,1270408.02609177,345754.83301375,0.2721604601927899
11680112.0,자곡동,1685588.7680861799,246322.89586150006,0.14613463291000417
11680113.0,율현동,336851.645033746,60360.444208609995,0.1791899938697436
11680114.0,일원동,1338442.721936624,363690.10792667,0.2717263144443255
11680115.0,수서동,1380240.557070727,342160.45278518,0.2478991441255315
11680118.0,도곡동,299274.7460546,2443.0232694,0.008163145409383432
11710107.0,가락동,152294.76525978,0.0,0.0
11710108.0,문정동,10866.82157083,0.0,0.0
11710109.0,장지동,54980.70178218,10793.023755139999,0.1963056746328794
11710111.0,방이동,271860.134278505,6159.89872825,0.022658337694851354
11710112.0,오금동,153017.83153566,10911.984993580001,0.07131185224669075
11710113.0,거여동,133124.957237364,0.0,0.0
11710114.0,마천동,267706.278370483,76055.96602255,0.28410228734828147
11740101.0,명일동,501452.832142864,26516.147823389998,0.0528786480476703
11740102.0,고덕동,583321.948512621,97674.62814295001,0.167445487679668
11740103.0,상일동,695120.164067717,0.0,0.0
11740105.0,길동,380898.35004283,18131.79932153,0.047602724767621535
11740106.0,둔촌동,698072.163718444,104055.25260459,0.1490608822593863
11740107.0,암사동,583047.7821280151,64348.75026328,0.11036616935308309
11740110.0,강일동,62193.522501125,0.0,0.0
26110101.0,영주동,117009.531946352,0.0,0.0
26110113.0,동광동3가,15914.2177561,0.0,0.0
26110116.0,대청동1가,37412.17682068,0.0,0.0
26110119.0,대청동4가,51127.45361737,0.0,0.0
26110120.0,보수동1가,77986.84624884,0.0,0.0
26110134.0,광복동2가,19117.131175680002,0.0,0.0
26110135.0,광복동3가,15914.2177561,0.0,0.0
26140101.0,동대신동1가,4982.32985186,0.0,0.0
26140102.0,동대신동2가,74524.34369546,0.0,0.0
26140103.0,동대신동3가,1907488.389568777,0.0,0.0
26140104.0,서대신동1가,55020.297982264994,0.0,0.0
26140105.0,서대신동2가,339589.60516488797,0.0,0.0
26140106.0,서대신동3가,5620940.937597818,37928.911746,0.006747786921634052
26140108.0,부용동2가,47882.89081688,0.0,0.0
26140111.0,부민동3가,74293.70439944,0.0,0.0
26140116.0,아미동2가,648259.201081873,0.0,0.0
26140119.0,초장동,519898.83652504004,0.0,0.0
26140123.0,남부민동,594528.491953654,0.0,0.0
26140124.0,암남동,1876576.52101874,0.0,0.0
26170101.0,초량동,1658130.59783722,0.0,0.0
26170102.0,수정동,2007571.879072689,0.0,0.0
26170103.0,좌천동,40784.876976177,0.0,0.0
26170104.0,범일동,588668.972723343,0.0,0.0
26200111.0,영선동4가,324885.20469769003,0.0,0.0
26200112.0,신선동1가,124242.9155364,0.0,0.0
26200113.0,신선동2가,293334.229635641,0.0,0.0
26200114.0,신선동3가,773222.731215182,0.0,0.0
26200118.0,봉래동4가,182400.89234471,0.0,0.0
26200119.0,봉래동5가,212021.720102311,0.0,0.0
26200120.0,청학동,709799.734099303,0.0,0.0
26200121.0,동삼동,3880795.89208857,0.0,0.0
26230101.0,양정동,718141.473195814,0.0,0.0
26230102.0,전포동,1469810.135476641,0.0,0.0
26230104.0,범천동,1356825.06862485,10111.0636864,0.007452002413728708
26230106.0,연지동,248189.34262279002,0.0,0.0
26230107.0,초읍동,6947701.378447097,0.0,0.0
26230108.0,부암동,2702715.06066688,0.0,0.0
26230109.0,당감동,3839114.359173357,0.0,0.0
26230110.0,가야동,2390936.246549305,0.0,0.0
26230111.0,개금동,2941138.069021709,0.0,0.0
26260101.0,명장동,538063.201677419,0.0,0.0
26260102.0,안락동,106330.07904732,0.0,0.0
26260103.0,칠산동,181978.152263021,0.0,0.0
26260105.0,복천동,87703.72954619999,0.0,0.0
26260107.0,명륜동,277065.813003548,0.0,0.0
26260108.0,온천동,3782680.762067974,0.0,0.0
26260109.0,사직동,1755257.66030466,0.0,0.0
26290106.0,대연동,3394812.442923984,188628.78943535002,0.055563832349124494
26290107.0,용호동,3517544.097083536,0.0,0.0
26290108.0,용당동,1335226.822999133,3782.72922308,0.002833023691497887
26290109.0,문현동,848146.077561642,0.0,0.0
26290110.0,우암동,199560.093636799,0.0,0.0
26290111.0,감만동,283138.49998792,0.0,0.0
26320101.0,금곡동,7885725.444308073,0.0,0.0
26320102.0,화명동,9900820.334950661,0.0,0.0
26320103.0,만덕동,9537899.100639721,0.0,0.0
26320104.0,덕천동,2183917.985328529,0.0,0.0
26320105.0,구포동,4178049.632902296,0.0,0.0
26350101.0,반송동,9224591.274186376,0.0,0.0
26350102.0,석대동,2193694.646297285,0.0,0.0
26350103.0,반여동,5388590.260394129,0.0,0.0
26350104.0,재송동,2289831.804905938,0.0,0.0
26350105.0,우동,8139283.7137716105,0.0,0.0
26350106.0,중동,722184.652140241,0.0,0.0
26350107.0,좌동,8450749.552045463,0.0,0.0
26350108.0,송정동,4261417.390076491,0.0,0.0
26380101.0,괴정동,3481850.755785801,37928.911746,0.010893319216216668
26380102.0,당리동,4381346.183875214,0.0,0.0
26380103.0,하단동,1641852.285891515,0.0,0.0
26380104.0,신평동,876584.08255257,0.0,0.0
26380105.0,장림동,1942312.342643241,0.0,0.0
26380106.0,다대동,2841324.294996934,26605.75568115,0.009363857454778392
26380107.0,구평동,1110775.413043559,10519.4669761,0.0094703815483963
26380108.0,감천동,1550135.86227703,0.0,0.0
26410101.0,두구동,4431079.90189845,0.0,0.0
26410102.0,노포동,3276154.343496677,0.0,0.0
26410103.0,청룡동,8700209.248790912,0.0,0.0
26410104.0,남산동,3696923.87071514,0.0,0.0
26410105.0,선동,4778236.945757875,3231.09615559,0.0006762109523385129
26410106.0,오륜동,6849161.248692196,0.0,0.0
26410107.0,구서동,5796044.489020728,0.0,0.0
26410108.0,장전동,5708801.407185124,0.0,0.0
26410109.0,부곡동,2382161.28562468,0.0,0.0
26410110.0,서동,1190857.081562852,8929.785292514,0.007498620473243326
26410111.0,금사동,1599783.4718458708,0.0,0.0
26410112.0,회동동,4005134.914285446,0.0,0.0
26410113.0,금성동,12852024.962664217,0.0,0.0
26440103.0,강동동,76453.855905615,0.0,0.0
26440105.0,죽림동,64095.665428912,0.0,0.0
26440107.0,죽동동,25196.662060445,0.0,0.0
26440108.0,봉림동,78010.253793115,0.0,0.0
26440109.0,송정동,2227910.308552667,0.0,0.0
26440110.0,화전동,947230.767915207,11998.9127966,0.012667359637196776
26440111.0,녹산동,4088247.473044903,26773.448305439997,0.006548881515115152
26440112.0,생곡동,3510330.832131165,0.0,0.0
26440113.0,구랑동,3517215.759101367,2332.45284726,0.0006631531890599544
26440114.0,지사동,11745141.069591638,51394.31082521001,0.004375793404327064
26440115.0,미음동,3843312.796239768,2040.05638402,0.0005308067524495942
26440116.0,범방동,2058502.282388431,0.0,0.0
26440117.0,신호동,127107.749674,0.0,0.0
26440118.0,동선동,4858556.107178742,6715.83882681,0.0013822705097275786
26440119.0,성북동,3346762.462909777,0.0,0.0
26440120.0,눌차동,569833.46570581,0.0,0.0
26440121.0,천성동,6320649.418279095,0.0,0.0
26440122.0,대항동,3754194.474393081,0.0,0.0
26470101.0,거제동,1239360.347335999,0.0,0.0
26470102.0,연산동,2981877.628738605,0.0,0.0
26500101.0,망미동,1265521.285327892,0.0,0.0
26500102.0,수영동,11162.6952509,0.0,0.0
26500103.0,민락동,242905.109051067,0.0,0.0
26500104.0,광안동,1435431.316833413,78073.73719678001,0.05439043741153152
26500105.0,남천동,437039.655740045,107122.09771879001,0.24510841593401578
26530102.0,모라동,5612044.65648817,0.0,0.0
26530103.0,덕포동,1843032.3357361068,0.0,0.0
26530104.0,괘법동,3160187.258152288,0.0,0.0
26530105.0,감전동,424081.09191956697,0.0,0.0
26530106.0,주례동,4914525.632242603,0.0,0.0
26530107.0,학장동,3664223.9220443703,0.0,0.0
26530108.0,엄궁동,2450296.95405558,0.0,0.0
26710250.0,기장읍,28759840.20822373,20598.825990960002,0.0007162357593721913
26710253.0,장안읍,35860959.62965915,9617.006565020001,0.0002681748247770303
26710256.0,정관읍,30791684.30319387,0.0,0.0
26710259.0,일광읍,23415606.437540933,44884.71921184001,0.0019168719516859853
26710330.0,철마면,45207225.6421516,356646.80307918007,0.007889154842243616
27110155.0,달성동,43053.7557811,0.0,0.0
27140101.0,신암동,4179.90751798,0.0,0.0
27140103.0,효목동,30483.80931211,7707.93797104,0.2528535030554054
27140104.0,평광동,13671154.037383314,680022.059945707,0.049741379409975875
27140105.0,봉무동,3822529.015027538,85437.75048744,0.022351105812816047
27140106.0,불로동,54961.24344924,6841.34958201,0.12447588796509663
27140107.0,도동,6372735.937870878,188878.27288028,0.0296384903943445
27140108.0,지저동,1185175.3463676,12390.7705665,0.010454799456026497
27140109.0,입석동,2396017.420838342,27026.48108694,0.01127975149591513
27140110.0,검사동,3388712.3063841,0.0,0.0
27140111.0,방촌동,1554636.90312082,0.0,0.0
27140112.0,둔산동,6430002.360774103,102482.96325054699,0.015938246597814492
27140113.0,부동,569604.791075743,33928.7114629,0.05956535477663905
27140114.0,신평동,327555.47360047,7450.16697261,0.02274474882290384
27140119.0,용계동,175024.195776384,7450.16697261,0.04256649738947265
27140120.0,율암동,51700.144187101,0.0,0.0
27140121.0,상매동,4298542.318018433,64660.461978883,0.015042416055285123
27140122.0,매여동,7362467.249995097,268810.62103261,0.03651094285448795
27140123.0,각산동,3020784.291485087,72207.16017059,0.023903447980091055
27140124.0,신서동,4491260.860389767,56202.76341492,0.012513805178985425
27140125.0,동내동,3362145.759295076,23283.0265435,0.0069250497183624875
27140126.0,괴전동,297841.62231768,0.0,0.0
27140128.0,대림동,119614.73654627,0.0,0.0
27140129.0,사복동,199312.833595962,0.0,0.0
27140130.0,숙천동,1087506.558075966,102230.02030518,0.09400404948917916
27140131.0,내곡동,6262562.469643571,269007.45263609,0.04295485337512335
27140132.0,능성동,3950051.305809972,174180.50905595403,0.044095758655022764
27140133.0,진인동,10334953.930903899,413761.72113700403,0.04003517808625745
27140134.0,도학동,15923042.616354391,56905.288492073996,0.003573769779001104
27140135.0,백안동,4188074.561709119,278205.25871723,0.06642796220984583
27140136.0,미곡동,3233638.917727259,57011.333926971005,0.01763070502845167
27140137.0,용수동,9019165.506299807,210694.34140795996,0.023360735675688825
27140138.0,신무동,11247489.172644923,80433.93648275,0.00715127929870551
27140139.0,미대동,2687203.50978665,120388.58199456701,0.044800693939300945
27140140.0,내동,5216609.324193756,346543.47237182705,0.06643078881997483
27140141.0,신용동,3713713.686366705,286817.77062195004,0.07723206333188191
27140142.0,중대동,7310088.664089542,23388.760212468,0.0031995179931762195
27140143.0,송정동,2826029.809109382,197546.74524795997,0.06990256953808158
27140144.0,덕곡동,3163296.496970436,263968.71495,0.08344735158490804
27140145.0,지묘동,11557909.356097361,104353.39668605999,0.009028743302179341
27170101.0,내당동,18937.50083209,0.0,0.0
27170102.0,비산동,43053.7557811,0.0,0.0
27170104.0,상리동,2009022.305017285,292887.380497353,0.14578602724614004
27170105.0,중리동,118299.867534298,0.0,0.0
27170106.0,이현동,29616.41748574,0.0,0.0
27200101.0,이천동,190131.88878377998,0.0,0.0
27200102.0,봉덕동,5506759.33593229,120239.4482523,0.021834883443647635
27200103.0,대명동,5053361.493817517,199143.65069948,0.03940815454091702
27230106.0,침산동,231848.091693002,22032.55723785,0.09503014269802171
27230111.0,산격동,353029.415822121,30290.943619420003,0.08580288854649588
27230112.0,복현동,79691.508372218,0.0,0.0
27230113.0,검단동,137779.820891579,6085.88469101,0.04417108870971079
27230114.0,동변동,2611397.072684529,50409.7367211,0.01930374252479289
27230115.0,서변동,6433487.37639503,59146.69797212,0.009193567114024949
27230116.0,조야동,3842921.465265537,79702.009853425,0.02073995281293571
27230117.0,노곡동,5394380.402157165,207939.985296731,0.0385475197881072
27230118.0,읍내동,4871738.55105101,169926.15300899002,0.03487998200813358
27230119.0,동호동,3592014.790672952,97962.85376767,0.02727239710205007
27230120.0,학정동,1291908.33719465,64427.38253335,0.04986993324406638
27230121.0,도남동,6585652.490890582,185190.41436501,0.0281202833919903
27230122.0,국우동,5254993.940420312,267882.87977708,0.05097681991915937
27230123.0,구암동,6060177.753167916,266676.98365469,0.044004812155103275
27230125.0,관음동,1858217.398649297,185984.11820424,0.10008738393011944
27230126.0,태전동,2638650.191474988,243298.50066490003,0.09220566691672676
27230127.0,매천동,2412942.191092608,217679.62303094,0.09021336020170967
27230128.0,팔달동,1416579.454721557,124543.28452434999,0.08791831909550758
27230129.0,금호동,3384569.2765952093,326862.66274644,0.09657437506354
27230130.0,사수동,2008356.958923354,180266.77289546,0.08975833309637243
27230131.0,연경동,10634914.51107567,195215.027071551,0.018356050428825304
27260101.0,범어동,824052.463233028,109644.730564,0.13305552189459852
27260102.0,만촌동,3228923.443011126,354164.78795349994,0.10968509913732247
27260107.0,황금동,2572674.194436028,561758.95563,0.21835604245766016
27260110.0,파동,6792673.54777427,77229.11437776001,0.011369472393247189
27260111.0,두산동,1241767.794318457,23892.438312579998,0.01924066514037219
27260112.0,지산동,3915530.728100222,333867.70966195,0.08526754936844523
27260113.0,범물동,9070257.91947353,488116.29828979005,0.05381504061111881
27260114.0,시지동,972628.8066994901,99441.11479651999,0.10223953281207307
27260115.0,매호동,332521.358217605,24753.39396662,0.07444151587526343
27260116.0,성동,186206.751325652,0.0,0.0
27260118.0,신매동,38774.2193149,0.0,0.0
27260119.0,욱수동,9918672.355878582,200521.44653530003,0.020216561182853802
27260120.0,노변동,844151.989038491,39790.8402534,0.047137056797938365
27260122.0,삼덕동,3453293.985194191,130786.67440935,0.037873020649296214
27260123.0,연호동,1900303.856549777,206019.96539045,0.10841422264147968
27260124.0,이천동,2971378.460911472,509079.66868255,0.1713277777905106
27260125.0,고모동,2294671.280150718,123225.58394920001,0.05370075662475993
27260126.0,가천동,1638772.600788459,223386.3582017,0.13631321276315128
27260127.0,대흥동,4870622.532633933,329563.67559640005,0.06766356320742818
27290101.0,성당동,469433.867277099,44283.84770173,0.09433458211823048
27290102.0,두류동,524365.245467576,44283.84770173,0.08445229367221342
27290104.0,파호동,102518.84903092,0.0,0.0
27290106.0,갈산동,136723.98654027501,0.0,0.0
27290107.0,신당동,1277882.269258128,103659.96271932,0.08111855466896774
27290108.0,이곡동,1065744.599394962,161213.6341491,0.15126854430285006
27290109.0,장동,214375.644821463,79950.99904058,0.3729481448658267
27290110.0,장기동,308985.68685053,57111.01351787,0.18483384813063242
27290111.0,용산동,682790.086201005,83079.02820120401,0.12167579740861463
27290115.0,상인동,4400780.681487725,85559.75796018,0.01944194999766626
27290116.0,도원동,11249628.142176652,63727.573004399994,0.005664860402405227
27290120.0,월성동,338165.867410583,12281.1483919,0.03631693667353152
27290122.0,송현동,1913469.340826227,16443.80071013,0.008593710052876857
27290123.0,대곡동,3273028.425582313,54501.9948021,0.016651855014795176
27290124.0,본동,458343.745557387,12281.1483919,0.026794624146043545
27290125.0,호산동,1072527.973541199,0.0,0.0
27710250.0,화원읍,20645825.070043836,107868.53582842,0.005224714220064395
27710253.0,논공읍,24112037.870301656,203105.62152056,0.008423411683950669
27710256.0,다사읍,19217875.37172863,978966.3915533969,0.050940406918943394
27710259.0,유가읍,43715613.21725857,132115.90899406502,0.0030221675797494412
27710262.0,옥포읍,32424134.828897893,57883.67752274001,0.0017852034550248474
27710265.0,현풍읍,10556951.28798913,1524.61634878,0.0001444182422736561
27710310.0,가창면,106585296.10273302,123292.114705717,0.0011567459979365353
27710330.0,하빈면,20419050.270810027,618017.45908712,0.030266709317553542
27710380.0,구지면,12864152.29123471,73623.57750815,0.005723158109556519
27720250.0,군위읍,61481395.29719676,1889277.796229064,0.030729260243630246
27720310.0,소보면,82317781.16765864,420887.66696980805,0.005112961756252587
27720320.0,효령면,92157251.86020248,1335873.9725974503,0.014495592540279935
27720330.0,부계면,61184883.54169372,631471.322008624,0.010320708081078806
27720340.0,우보면,51879471.77976102,3047157.0560944686,0.05873531382567414
27720350.0,의흥면,43900851.06143877,1485119.1682439,0.03382893798950484
27720360.0,산성면,34579040.67877734,562024.9201613801,0.01625334043770391
27720370.0,삼국유사면,112738949.41628547,203565.912353721,0.0018056396073202659
28110119.0,송학동1가,46723.4862827,0.0,0.0
28110137.0,전동,39537.452658070004,0.0,0.0
28110138.0,북성동1가,396762.45984493,12312.96991516,0.03103360615309317
28110140.0,북성동3가,52027.51860769,0.0,0.0
28110145.0,중산동,1556181.690182745,80069.16214373999,0.051452322469066794
28110146.0,운남동,3203733.390380277,3283.85090565,0.0010250075476037704
28110147.0,운서동,3971796.90891922,13560.35698083,0.0034141617237221623
28110148.0,운북동,5167141.243534766,70622.25313695999,0.01366756777266811
28110149.0,을왕동,3904092.851914008,63016.24182676,0.01614107149010707
28110150.0,남북동,1557737.8202763821,0.0,0.0
28110151.0,덕교동,1266997.972602681,7773.72021768,0.006135542744169622
28110152.0,무의동,8689172.385957737,35001.441272560005,0.004028167438492139
28140101.0,만석동,69256.4292918,0.0,0.0
28177101.0,숭의동,125858.83816312,0.0,0.0
28177102.0,용현동,52100.632317970005,0.0,0.0
28177103.0,학익동,1291958.696028454,152066.18749535002,0.11770205035409347
28177104.0,도화동,91605.64127739999,0.0,0.0
28177105.0,주안동,311275.18591910397,12873.85450319,0.04135843486906063
28177106.0,관교동,314576.81122699,10582.4561601,0.033640293188883494
28177107.0,문학동,1244748.08553158,185867.98528449002,0.14932176835211886
28185101.0,옥련동,864656.357188052,143663.207019169,0.16615063987544826
28185102.0,선학동,656551.698354535,176866.82854691998,0.26938751204236877
28185103.0,연수동,998932.19965748,158565.72870371,0.1587352262326512
28185104.0,청학동,1859710.997468521,293470.06903523003,0.15780412625117982
28185105.0,동춘동,932251.924079446,49948.24840999999,0.05357805880564043
28200101.0,구월동,179212.83166339798,0.0,0.0
28200102.0,간석동,623577.375176714,1656.37402747,0.002656244587130193
28200103.0,만수동,2168120.854344593,171014.97455193702,0.07887704885511726
28200104.0,장수동,5804568.663811576,369276.77503728,0.06361829731458359
28200105.0,서창동,883210.900419068,81297.24469285,0.09204737470322874
28200106.0,운연동,2043710.0245956131,35300.852689429994,0.017272926327410336
28200107.0,남촌동,35031.259166862,2298.402649,0.06561004952897
28200108.0,수산동,816724.665516858,100416.99407801,0.12295085273867891
28200109.0,도림동,1375308.9303342141,72569.69850009,0.05276610723559748
28200110.0,논현동,1199686.667024482,37467.87035801,0.031231380149401453
28200111.0,고잔동,318465.42627541,0.0,0.0
28237101.0,부평동,1047999.92355781,58957.860680139995,0.05625750475246838
28237102.0,십정동,561226.97369414,26680.382086370002,0.04753937949694912
28237103.0,산곡동,2828247.149623581,82340.91994863999,0.02911376396493459
28237104.0,청천동,1368631.76842548,445524.2489775,0.3255252868271837
28237107.0,부개동,484655.41875541996,5011.77095444,0.010340895325817407
28237108.0,일신동,1669026.10117342,21123.6020345,0.0126562442730218
28237109.0,구산동,2490425.31554137,318941.68331208,0.12806715436184374
28245101.0,효성동,2909889.464666567,27215.045479070002,0.009352604560939386
28245102.0,계산동,1982940.441963779,18379.478515164003,0.009268800073976064
28245103.0,작전동,19654.96050329,0.0,0.0
28245105.0,임학동,456658.203729259,56560.642084269,0.12385771595116762
28245107.0,병방동,22566.08712861,16126.0619455,0.7146148932951193
28245108.0,방축동,1470348.343885329,257888.373633,0.17539270520857775
28245109.0,박촌동,302870.183066143,81935.16375101,0.27052898678083603
28245110.0,동양동,303870.81152584,21129.72313487,0.06953521803812081
28245111.0,귤현동,1322086.847523805,217351.65940478,0.16440043996494447
28245112.0,상야동,887226.9561083999,0.0,0.0
28245116.0,선주지동,2111.84023851,0.0,0.0
28245117.0,이화동,45617.190709162,0.0,0.0
28245118.0,오류동,440369.514899702,7210.90990865,0.016374680046352317
28245119.0,갈현동,575826.223895714,87046.38942293,0.15116781037519175
28245120.0,둑실동,2154102.796601202,582894.93603431,0.2705975485264754
28245121.0,목상동,2451794.587953607,101631.62644747001,0.04145193359460711
28245122.0,다남동,2465118.398598405,206378.84243571,0.08371964711839035
28245123.0,장기동,21450.0042339,0.0,0.0
28260101.0,백석동,722137.64515225,201883.89080244998,0.27956427996477917
28260102.0,시천동,1525523.316904875,341074.11794263,0.2235784364375585
28260103.0,검암동,1362121.754073922,365856.13338718,0.268592827544934
28260104.0,경서동,362105.569089994,76278.7724581,0.2106534087553413
28260105.0,공촌동,4515556.725577848,538237.72253522,0.11919631514901247
28260106.0,연희동,207866.459171591,62733.8267889,0.3017986982551815
28260107.0,심곡동,1554309.43891011,400931.87357645,0.2579485548627856
28260108.0,가정동,1662350.5977809841,591131.27754356,0.3555996420566403
28260109.0,신현동,118592.30972964,29938.0121395,0.2524448019247705
28260110.0,석남동,1381227.948219117,533066.7625284,0.38593684931998984
28260111.0,원창동,496172.265615777,16853.8450809,0.03396772905068254
28260112.0,가좌동,1766383.567323076,249142.672911097,0.14104675650298787
28260113.0,마전동,2697739.465938308,330744.23460827995,0.12260051008789424
28260114.0,당하동,811913.133770561,187923.30986451,0.23145740849367188
28260115.0,원당동,582612.56969898,215747.56033869,0.3703105143271469
28260117.0,대곡동,3511774.377726557,280528.56023756,0.07988228458434389
28260118.0,금곡동,2494284.566619112,218374.26910446002,0.08754986180284004
28260119.0,오류동,406011.374402108,96240.00884873,0.23703771597643772
28260120.0,왕길동,1125120.322512269,266351.82833681,0.2367318614795579
28260121.0,불로동,1454509.4908689861,215070.09550294,0.14786434660831807
28260122.0,청라동,383759.279958713,0.0,0.0
28710320.0,불은면,147302.712553611,0.0,0.0
28710330.0,길상면,10106029.296880709,193570.07430180602,0.019153919765654417
28710340.0,화도면,19269765.765412506,296530.54386857594,0.015388383412569632
28710350.0,양도면,60818.351001575,0.0,0.0
28710410.0,삼산면,235632.531730636,0.0,0.0
28710420.0,서도면,44986.11801153,0.0,0.0
28720310.0,북도면,10243949.519927764,154280.10242863902,0.01506060744720723
28720330.0,백령면,30119212.491499737,6713.69520465,0.00022290407514953265
28720340.0,대청면,12356316.374495417,7774.00179495,0.0006291520514152795
28720350.0,덕적면,30760375.757815607,45558.235700403005,0.0014810688939268745
28720360.0,영흥면,11449721.943642933,265849.327259354,0.023218845712402455
28720370.0,자월면,14190084.733913438,33498.72112678,0.002360713255412781
28720380.0,연평면,5043836.270443329,0.0,0.0
29110110.0,산수동,353403.54177631,0.0,0.0
29110111.0,지산동,2199569.114015926,21204.995889719998,0.009640522661733675
29110118.0,서석동,253277.87087078998,1923.28376064,0.0075935720480735
29110119.0,소태동,5207611.685861375,41402.953367609996,0.007950468634214546
29110120.0,용연동,11384220.194106365,0.0,0.0
29110121.0,운림동,11793435.092151653,12121.9990827,0.0010278599057849567
29110122.0,학동,859008.44814682,17951.3384963,0.020897743828977796
29110123.0,월남동,4278066.254950589,0.0,0.0
29110124.0,선교동,3847443.526299202,0.0,0.0
29110125.0,내남동,4913469.24445617,2247.16919397,0.0004573487859938197
29110126.0,용산동,3226517.653030028,0.0,0.0
29140104.0,양동,15190.923274178,581.984578908,0.038311336868989083
29140106.0,농성동,2894.89783198,0.0,0.0
29140117.0,덕흥동,13633.23587987,0.0,0.0
29140118.0,쌍촌동,279240.47436687,0.0,0.0
29140119.0,화정동,404377.299643648,0.0,0.0
29140120.0,치평동,83003.31811148999,0.0,0.0
29140125.0,서창동,1255816.668750314,7226.63106975,0.005754527113373445
29140126.0,세하동,500472.006372154,0.0,0.0
29140127.0,용두동,879145.8916771209,1680.60568313,0.0019116345751487931
29140128.0,풍암동,2095002.33909539,5286.61855921,0.002523442795530592
29140129.0,벽진동,605730.292673433,29365.43510899,0.04847939002585392
29140130.0,금호동,815034.93922698,0.0,0.0
29140131.0,마륵동,529463.48504996,0.0,0.0
29140132.0,매월동,1765938.751654657,1061.40243821,0.0006010414784858661
29155101.0,사동,36682.07759220001,0.0,0.0
29155102.0,구동,15895.66640537,0.0,0.0
29155103.0,서동,47914.454678700014,0.0,0.0
29155104.0,월산동,9259.23839333,0.0,0.0
29155105.0,백운동,20141.26789328,0.0,0.0
29155106.0,주월동,796795.10473902,4653.76626292,0.0058406059917301845
29155107.0,노대동,3161985.322353036,0.0,0.0
29155108.0,진월동,1589809.147610412,20818.02756219,0.013094670887685398
29155109.0,덕남동,2552488.611192973,0.0,0.0
29155110.0,행암동,940691.17565554,0.0,0.0
29155111.0,임암동,700031.949829956,0.0,0.0
29155112.0,송하동,1606471.596007345,7483.429631929999,0.004658301865111709
29155113.0,양림동,67071.68802386,0.0,0.0
29155114.0,방림동,155518.21487812,6698.43060864,0.04307167886340244
29155115.0,봉선동,934776.93586168,8506.065520350001,0.00909956717375476
29155116.0,구소동,2374.5387437,0.0,0.0
29155118.0,도금동,1014316.1265670478,0.0,0.0
29155120.0,지석동,59153.719460058,0.0,0.0
29155121.0,압촌동,1324097.1704769211,5879.7538137,0.004440575771023056
29155122.0,화장동,241073.75769737,0.0,0.0
29155123.0,칠석동,452674.396198077,0.0,0.0
29155124.0,석정동,825196.3179330301,0.0,0.0
29155125.0,신장동,40937.025558117195,0.0,0.0
29155126.0,양과동,3870229.537076715,0.0,0.0
29155127.0,이장동,811729.5257727369,0.0,0.0
29155128.0,대지동,411676.73383756005,0.0,0.0
29155129.0,원산동,2225425.217791704,31021.487557840002,0.013939577618619203
29155130.0,월성동,87022.99004992,0.0,0.0
29170106.0,신안동,46593.575605623,7023.28316972,0.15073501182150992
29170107.0,용봉동,92454.797576617,0.0,0.0
29170108.0,동림동,630896.614295204,3334.55635361,0.005285424391340482
29170109.0,운암동,663144.364610212,22625.391105471004,0.03411834935635761
29170110.0,우산동,10524.7231121,0.0,0.0
29170111.0,풍향동,11512.19658508,0.0,0.0
29170112.0,문흥동,1516218.684528674,3231.51007706,0.002131295511679132
29170113.0,각화동,2234092.18490328,0.0,0.0
29170114.0,두암동,1643367.513325795,0.0,0.0
29170115.0,오치동,1593070.54623625,1448.55631656,0.0009092857312454392
29170116.0,삼각동,2712525.626819638,0.0,0.0
29170117.0,매곡동,716298.415489417,0.0,0.0
29170118.0,충효동,2125036.829973972,0.0,0.0
29170119.0,덕의동,2739725.8968931944,0.0,0.0
29170120.0,금곡동,15958420.329943854,0.0,0.0
29170121.0,망월동,4073926.4265810456,94644.216080953,0.023231694972061904
29170122.0,청풍동,6797495.340979441,0.0,0.0
29170123.0,화암동,8274163.85930905,0.0,0.0
29170124.0,장등동,5932318.502330803,8575.26940232,0.0014455173637340584
29170125.0,운정동,2607395.92264858,0.0,0.0
29170126.0,본촌동,648811.7502765399,0.0,0.0
29170127.0,일곡동,2492856.4608238842,2941.7774589399996,0.0011800829711501913
29170128.0,양산동,767204.483528553,1298.78555831,0.0016928805633884998
29170129.0,연제동,230370.88255885,0.0,0.0
29170130.0,신용동,32515.09385528,0.0,0.0
29170131.0,용두동,62722.97541832,2019.006284,0.0321892619177357
29170132.0,지야동,96825.60278952,0.0,0.0
29170133.0,태령동,534535.0412583426,0.0,0.0
29170134.0,수곡동,1351376.9346839262,0.0,0.0
29170135.0,효령동,2564225.26898332,0.0,0.0
29170136.0,용전동,56487.41660516,0.0,0.0
29170137.0,용강동,38627.984698910004,0.0,0.0
29170138.0,생용동,2991697.61521109,0.0,0.0
29170139.0,월출동,205771.837818218,2147.70608392,0.01043731788903648
29170140.0,대촌동,14205.934995430001,0.0,0.0
29170141.0,오룡동,11535.036322456,0.0,0.0
29200104.0,신촌동,245495.62437078,0.0,0.0
29200105.0,서봉동,3336382.959084672,0.0,0.0
29200106.0,운수동,2940041.738638427,6645.71034944,0.0022604136064128524
29200107.0,선암동,814089.59700373,0.0,0.0
29200108.0,소촌동,817490.327589766,6384.8234549789995,0.007810274005080387
29200109.0,우산동,292098.71112866,1524.60648986,0.00521949064399829
29200111.0,박호동,2906394.769206863,1415.4869955,0.00048702502856701657
29200112.0,비아동,51629.046140718005,0.0,0.0
29200113.0,도천동,22364.88407357,0.0,0.0
29200114.0,수완동,178646.49038881,0.0,0.0
29200115.0,월계동,66920.95007947,0.0,0.0
29200117.0,산월동,218116.72174118,0.0,0.0
29200118.0,신창동,197375.6384278,1242.72047798,0.006296220181370494
29200119.0,신가동,31189.22187337,1242.72047798,0.03984454896071198
29200121.0,안청동,67365.69332403,2119.28842742,0.031459461379343204
29200122.0,진곡동,254064.117318462,0.0,0.0
29200123.0,장덕동,90539.3550964,0.0,0.0
29200124.0,흑석동,28165.00527039,0.0,0.0
29200125.0,하남동,143055.164264737,0.0,0.0
29200126.0,장수동,785324.178161245,0.0,0.0
29200127.0,산정동,1082546.189091607,3792.15378567,0.0035029949057897437
29200128.0,월곡동,54438.522642453005,0.0,0.0
29200129.0,등임동,1743324.6552679641,0.0,0.0
29200130.0,산막동,489564.92399787303,0.0,0.0
29200131.0,고룡동,1369623.7265833141,18402.9464307,0.013436497976424733
29200132.0,신룡동,1226218.428601309,29218.1935141,0.023827886478127596
29200133.0,두정동,2432769.227331894,18881.26981332,0.0077612251919298445
29200134.0,임곡동,3010968.33224737,0.0,0.0
29200135.0,광산동,5369570.685718818,42270.905472440005,0.007872306362381232
29200136.0,오산동,1328483.0678914,0.0,0.0
29200137.0,사호동,2726442.28188064,0.0,0.0
29200138.0,하산동,600842.8147823596,23617.161161939,0.03930672146007726
29200139.0,유계동,214039.24246979,0.0,0.0
29200140.0,본덕동,862389.120395288,0.0,0.0
29200141.0,용봉동,287020.4414949722,0.0,0.0
29200142.0,요기동,136078.4578438999,0.0,0.0
29200145.0,옥동,24369.41800004,0.0,0.0
29200147.0,장록동,18946.80940825,0.0,0.0
29200149.0,지죽동,1480268.672923268,0.0,0.0
29200150.0,용동,618782.62173351,0.0,0.0
29200151.0,용곡동,1493693.249287656,0.0,0.0
29200152.0,지정동,2337604.213337349,9064.20193644,0.0038775605745077044
29200153.0,명화동,119805.47183897,0.0,0.0
29200154.0,동산동,1042392.84696568,0.0,0.0
29200155.0,연산동,339799.260010881,6226.01668692,0.01832263168177774
29200156.0,도덕동,2903230.84897978,3271.32887424,0.001126789099595567
29200157.0,송산동,216258.107247287,0.0,0.0
29200158.0,지평동,3129881.541864817,19630.659557040002,0.006272013587243894
29200159.0,오운동,4885648.126249439,3074.27281986,0.0006292456477458241
29200160.0,삼거동,2339751.772070868,0.0,0.0
29200161.0,양동,2757295.7746117986,45343.460935070005,0.01644490277487693
29200162.0,내산동,4804537.915492752,125787.55068834001,0.02618098824503486
29200163.0,대산동,3718046.445951989,0.0,0.0
29200164.0,송학동,2057642.688912383,63578.48872339,0.0308987022217137
29200165.0,신동,202936.831656581,0.0,0.0
29200166.0,삼도동,2399290.273155477,0.0,0.0
29200167.0,남산동,407117.073324298,0.0,0.0
29200168.0,송치동,200462.25000382,0.0,0.0
29200169.0,산수동,9091.97100278,0.0,0.0
29200170.0,선동,2445592.492675749,0.0,0.0
29200171.0,지산동,1821835.085649682,0.0,0.0
29200172.0,왕동,5023894.933197675,27609.45320239,0.0054956271119342
29200173.0,북산동,1455168.248615196,0.0,0.0
29200174.0,명도동,3112509.79036695,0.0,0.0
29200175.0,동호동,3398252.526978681,0.0,0.0
29200176.0,덕림동,1777282.0823214105,45197.19021492574,0.02543051025186226
29200177.0,양산동,2211503.047119343,1455.93152604,0.0006583447976417964
29200178.0,동림동,1511982.789406133,0.0,0.0
29200202.0,오선동,120083.373219017,0.0,0.0
30110104.0,천동,203671.840825952,1142.72373939,0.005610612320072836
30110105.0,가오동,547111.29262299,1373.16813662,0.002509851569754089
30110107.0,판암동,2269438.752600985,4980.58718197,0.00219463388305227
30110108.0,삼정동,2114452.788651562,10766.09405445,0.005091669160093095
30110109.0,용운동,2128725.655080598,29927.59410487,0.014058924894075597
30110110.0,대동,2918.224134173,0.0,0.0
30110111.0,자양동,272862.15982726,0.0,0.0
30110114.0,가양동,847457.74041545,0.0,0.0
30110115.0,용전동,56661.82823552,1224.66347928,0.02161355391127826
30110121.0,추동,4885627.545447709,10558.77616494,0.0021611913856958605
30110122.0,비룡동,2765076.051796268,25143.610050940002,0.009093279743465296
30110123.0,주산동,1679168.48376756,21356.015702840003,0.012718208988131665
30110124.0,용계동,247295.745203042,6702.24830623,0.027102157785719783
30110125.0,마산동,3281447.93746214,42092.70188142,0.012827478199752987
30110126.0,효평동,6470627.113415212,0.0,0.0
30110127.0,직동,5361042.577036071,0.0,0.0
30110128.0,세천동,8854601.120244173,154630.25792621,0.017463266365853637
30110129.0,신상동,5045294.550226609,125765.28861473,0.024927244061316748
30110130.0,신하동,2142904.814835916,2902.07029725,0.00135426934372361
30110131.0,신촌동,2580873.034665845,21521.189771065,0.008338724719114836
30110132.0,사성동,1323846.642886212,4226.94993247,0.003192930204705982
30110133.0,내탑동,2886434.960452946,0.0,0.0
30110134.0,오동,1466110.345771135,90065.56949067,0.061431644453267875
30110135.0,주촌동,4262850.736223484,20702.72939526,0.004856545695897582
30110136.0,낭월동,6126707.625458931,26484.72075585,0.004322830853849684
30110137.0,대별동,1594063.288119138,5512.66874903,0.003458249612871074
30110138.0,이사동,4081294.125686272,16288.89342612,0.003991109908889748
30110139.0,대성동,2656191.4798056153,0.0,0.0
30110140.0,장척동,3443999.579397895,37874.90722339,0.010997361164025336
30110141.0,소호동,4338036.638051877,49075.999924899996,0.011312951922632682
30110142.0,구도동,3891019.314928553,57850.27545017,0.014867640267992924
30110143.0,삼괴동,8202859.865129239,50890.69413549,0.006204018473097272
30110144.0,상소동,7609163.555946141,29655.55876725,0.003897348052674702
30110145.0,하소동,8583403.206618087,22369.4400136,0.002606127135720762
30140103.0,목동,13873.1882237,0.0,0.0
30140104.0,중촌동,1609.45006112,0.0,0.0
30140105.0,대흥동,16278.699180608,15291.8894279,0.9393803066350942
30140107.0,석교동,970951.541246111,49564.60414468,0.051047454006890196
30140108.0,호동,2360106.639656227,79788.83848959,0.0338073022417377
30140109.0,옥계동,405442.173446693,0.0,0.0
30140110.0,대사동,1898487.367032206,36633.90729876,0.01929636611489685
30140111.0,부사동,841539.7955879059,51677.77255475,0.061408590331307536
30140112.0,용두동,21351.44935184,0.0,0.0
30140116.0,문화동,1852742.650380115,26069.286175369998,0.01407064611484036
30140117.0,산성동,268536.014479769,7639.19209,0.02844755145710827
30140118.0,사정동,4094565.716276243,93059.86860015,0.02272765295480036
30140119.0,안영동,2548423.304250606,17868.196956750002,0.007011471338747766
30140120.0,무수동,5749508.46275051,3011.35820625,0.0005237592440744743
30140121.0,구완동,4849457.868192948,81244.29653189999,0.016753274023633084
30140122.0,침산동,2688091.00405235,1927.32912094,0.0007169880476645001
30140123.0,목달동,4639142.448952048,48460.770747539995,0.010446062236887545
30140124.0,정생동,7235922.872397708,37598.09489887,0.005196033120017409
30140125.0,어남동,6366745.607635384,0.0,0.0
30140126.0,금동,6101834.752033891,111571.5519938,0.018284918639694475
30170101.0,복수동,457302.39061404,35326.727752889994,0.07725025820541906
30170102.0,변동,412879.62082131003,4314.40451239,0.010449545811458755
30170103.0,도마동,1348026.909162954,16270.77719312,0.012070068544272016
30170104.0,정림동,2206309.046960212,36514.530705640005,0.016550052566728427
30170106.0,탄방동,97663.09150282,7021.46483701,0.07189476320035658
30170108.0,괴정동,106489.72666524,1801.21725717,0.016914469719997386
30170110.0,내동,577177.60338189,2809.72007736,0.004868033792192984
30170111.0,갈마동,473223.85691276,0.0,0.0
30170113.0,월평동,1659597.932982825,21047.88212785,0.012682518885776307
30170114.0,가수원동,693656.527138875,10305.08508855,0.014856178361148541
30170115.0,도안동,2106195.540979738,120037.94001381201,0.05699278043195079
30170116.0,관저동,2108159.847226332,120589.42337429,0.05720127130442568
30170117.0,흑석동,5593323.856168903,126919.58181976998,0.022691262848974814
30170118.0,매노동,2765937.681557578,14657.18569235,0.005299174233056517
30170119.0,산직동,4841147.160449891,59352.069129719996,0.012259918395912667
30170120.0,장안동,11951845.404803282,107066.65120661,0.00895816901744574
30170121.0,평촌동,2524964.45586816,47852.131116079996,0.018951605835428275
30170122.0,오동,3618012.115513988,20902.48515365,0.005777339734165185
30170123.0,우명동,2345420.40912201,152609.88415835003,0.06506717668389282
30170124.0,원정동,5625956.451135452,99091.347149457,0.01761324461184871
30170125.0,용촌동,1910651.657706027,31172.72622583,0.016315232606689125
30170126.0,봉곡동,4208454.423403356,125850.22018425,0.02990414235791475
30170127.0,괴곡동,4322360.970310335,107547.14554694999,0.024881574279815036
30200101.0,원내동,926233.724954203,42823.975826760005,0.04623452447585776
30200102.0,교촌동,1213554.874864989,39042.51892435,0.032172025948718284
30200103.0,대정동,2789882.199822171,106080.42195160402,0.03802326204252124
30200104.0,용계동,770628.397068583,118121.89656713998,0.15327996868071236
30200105.0,학하동,185536.694626384,0.0,0.0
30200106.0,계산동,3593293.403559736,0.0,0.0
30200107.0,성북동,9677755.474817924,108490.95689521001,0.011210342850417094
30200108.0,세동,6676579.880600647,9153.190873619998,0.00137094006771571
30200109.0,송정동,3033205.501397805,42436.56965651,0.013990667508994619
30200110.0,방동,5249878.020086416,202288.74954603,0.03853208565457302
30200112.0,구암동,1326241.548016684,16215.404294975,0.012226584455315988
30200113.0,덕명동,5816543.439514429,0.0,0.0
30200114.0,원신흥동,146121.21711347302,2542.49287435,0.017399888425344706
30200115.0,상대동,273421.177862842,502.625663051,0.0018382835849794171
30200116.0,복용동,1064402.44548419,0.0,0.0
30200117.0,장대동,19731.616695056,0.0,0.0
30200118.0,갑동,6773196.665299478,29977.8948471,0.004425959606441536
30200119.0,노은동,782860.492665253,20532.827175285,0.026227951681890186
30200120.0,지족동,4304571.804231815,106377.04424391,0.024712572836938382
30200121.0,죽동,792006.700379935,2751.55053499,0.003474150576844929
30200122.0,궁동,847961.713533346,14291.7247854,0.016854209992392517
30200123.0,어은동,619213.423654656,23313.64048503,0.03765041194913168
30200124.0,구성동,350511.837369538,4321.69374942,0.012329665616581501
30200125.0,신성동,1040290.7664511941,13677.72434338,0.013147982068551504
30200126.0,가정동,702401.067483898,17879.63632517,0.02545502441962031
30200127.0,도룡동,1716844.0406205,54115.13428259999,0.03152012238866016
30200128.0,장동,3464916.976327128,3174.776619,0.000916263402757003
30200129.0,방현동,3044188.580863619,0.0,0.0
30200130.0,화암동,2562341.393466081,113965.00836148,0.044476902512712975
30200131.0,덕진동,4761310.383570841,175326.2553979,0.0368231098738853
30200132.0,하기동,2066512.28888308,11055.75777708,0.00534995985097939
30200133.0,추목동,6804862.48390565,0.0,0.0
30200134.0,자운동,3326874.1204657,0.0,0.0
30200135.0,신봉동,4606935.165371978,0.0,0.0
30200136.0,수남동,4808774.3059025,0.0,0.0
30200137.0,안산동,4728236.923730171,12928.43121031,0.002734302747272356
30200138.0,외삼동,2118460.56549381,71007.43040368,0.033518410283520324
30200139.0,반석동,3640771.057999294,69003.67951167,0.018953040005099762
30200140.0,문지동,1247078.962532397,73642.59026111,0.05905206684873164
30200141.0,전민동,1328564.716657619,165174.00660698,0.12432514918996344
30200142.0,원촌동,923770.464291358,29083.72322133,0.031483711966955645
30200143.0,탑립동,567999.42272502,11101.1709003,0.01954433482879489
30200144.0,용산동,310274.447612253,0.0,0.0
30200145.0,봉산동,2242048.806105665,116910.36557657001,0.052144433813480585
30200146.0,관평동,330746.13033361,0.0,0.0
30200147.0,송강동,1189468.209722073,100554.857201,0.08453765840828592
30200148.0,금고동,3239671.365564827,115760.52868637,0.03573218256543361
30200149.0,대동,1139905.988532355,93143.9721825,0.08171197723281037
30200150.0,금탄동,1881818.083138239,57957.893109050005,0.030798882011164305
30200151.0,신동,2383567.834088664,93923.24671651999,0.039404478183198303
30200152.0,둔곡동,1952826.588867871,111295.75230618,0.05699213280924367
30200153.0,구룡동,5045017.425770163,365699.97182399,0.07248735553538013
30230101.0,오정동,233022.335559931,41838.534024316,0.17954731216551365
30230102.0,대화동,231159.834533566,29283.874637456,0.1266823654574116
30230103.0,읍내동,1737820.796419698,242932.36257827,0.13979137726902874
30230104.0,연축동,1512650.91463281,77750.58641142001,0.0514002177629289
30230105.0,신대동,568467.411362861,76255.95600675,0.1341430563696372
30230106.0,와동,1579359.9484751162,126752.20374706,0.08025542490769137
30230107.0,송촌동,585241.994562682,100775.3341027,0.17219429746835524
30230108.0,법동,2049842.753624238,240846.89599902,0.11749530327298963
30230109.0,중리동,40639.90432793001,4609.95318597,0.11343415448942834
30230110.0,비래동,3090980.404595634,26846.65934949,0.008685483515060367
30230112.0,목상동,87008.730189869,0.0,0.0
30230114.0,신일동,293191.909168393,39799.81526071,0.1357466356203275
30230115.0,덕암동,200519.48045413,10589.705302220002,0.05281135417983719
30230116.0,상서동,1138435.505850731,30314.7171552,0.026628400993648205
30230117.0,평촌동,1857309.242812399,26378.3819473,0.014202471693597445
30230118.0,장동,8519207.283843527,249425.01784491003,0.029277960910510846
30230119.0,용호동,5033584.666952722,223763.81760813,0.04445416783733057
30230120.0,이현동,2542718.079427517,90940.81440220002,0.035765197541158394
30230121.0,갈전동,3229107.885133279,94064.15525756002,0.02913007511784562
30230122.0,부수동,673739.150770701,6709.65817222,0.009958836687083888
30230123.0,황호동,418856.850071106,0.0,0.0
30230124.0,삼정동,2376996.015647774,98805.30614708002,0.04156729985942101
30230125.0,미호동,1426853.022170497,6025.3957877,0.004222856660130489
30230126.0,신탄진동,680627.080724317,42229.3087256,0.062044708360208006
31110101.0,학성동,93216.264321663,7234.71174353,0.07761211840205325
31110103.0,복산동,121201.773764953,7234.71174353,0.059691467532152626
31110107.0,교동,209727.939855687,0.0,0.0
31110108.0,우정동,434431.011091555,2418.94287354,0.005568071366411307
31110109.0,성안동,3316401.489986335,25363.99392093,0.007648046835558053
31110110.0,유곡동,2380404.849969077,30867.28499014,0.012967241681826093
31110111.0,태화동,843638.580819793,0.0,0.0
31110112.0,다운동,5577368.624232945,63050.894605712005,0.011304774500965209
31110114.0,서동,104160.23283607,29982.8657688,0.2878532905738391
31110116.0,장현동,1437868.117671683,52834.281350189995,0.03674487298302692
31110117.0,약사동,1117894.7412254,34969.519097749995,0.03128158475762892
31110118.0,반구동,53476.01249139001,0.0,0.0
31140101.0,무거동,2863701.445763332,3445.34817461,0.0012031101146061083
31140102.0,옥동,5383417.836176919,80357.16958493998,0.014926794098153512
31140103.0,두왕동,2304719.961121576,50455.262346719996,0.02189214446781044
31140104.0,신정동,1720317.236731902,0.0,0.0
31140107.0,여천동,173675.017089437,39721.196868629995,0.2287099062047299
31140108.0,야음동,507388.117196796,8047.731957096999,0.015861096632611125
31140109.0,선암동,1412957.736679768,3165.15320842,0.0022400905039506843
31140110.0,상개동,1016367.558896478,3775.8879634699997,0.003715081153878695
31140111.0,부곡동,365354.27286189096,0.0,0.0
31140113.0,성암동,255834.42308030004,0.0,0.0
31140114.0,황성동,125425.40404102003,0.0,0.0
31140115.0,용연동,514886.80958978,0.0,0.0
31140117.0,용잠동,264810.7049048,0.0,0.0
31170101.0,방어동,1602865.002922304,0.0,0.0
31170102.0,화정동,2471332.826567381,0.0,0.0
31170103.0,일산동,355718.50249268103,0.0,0.0
31170104.0,전하동,1341331.401222992,0.0,0.0
31170105.0,미포동,1030662.050485454,0.0,0.0
31170106.0,주전동,3664644.717346902,0.0,0.0
31170107.0,동부동,7344636.783707742,2032.45733225,0.00027672673164158416
31170108.0,서부동,5481603.308546668,2661.83032611,0.0004855933887006735
31200101.0,창평동,3951324.190150959,7102.052642910001,0.0017973854589336212
31200102.0,호계동,1626416.637800939,6156.066497412,0.00378504889481182
31200103.0,매곡동,6058231.749964849,422809.56863870996,0.06979092020392967
31200104.0,가대동,4782233.154933875,26749.16763717,0.005593446988165483
31200105.0,신천동,53438.16903276001,0.0,0.0
31200106.0,중산동,5002987.160451366,0.0,0.0
31200107.0,상안동,2919697.901145581,4263.20468306,0.0014601526690097893
31200108.0,천곡동,4211391.094566492,0.0,0.0
31200109.0,달천동,6998015.180709641,20470.18822244,0.0029251420143910287
31200110.0,시례동,2703050.660385752,6805.65077546,0.002517766638709156
31200111.0,무룡동,10449093.711428046,0.0,0.0
31200112.0,구유동,2585226.074058987,0.0,0.0
31200113.0,정자동,703243.442001699,3619.06410742,0.005146246507637189
31200114.0,신명동,1647850.65386959,0.0,0.0
31200115.0,대안동,17730647.83310204,0.0,0.0
31200116.0,당사동,3696179.035226217,3824.80661206,0.0010348001478304772
31200117.0,신현동,7194614.560215928,16764.94036694,0.0023302068827488163
31200118.0,산하동,5461827.293443515,1783.10856525,0.0003264674017412595
31200119.0,어물동,12234839.116855318,21667.90168647,0.0017710001316338707
31200122.0,연암동,4911367.937840407,170610.419824,0.03473786162700318
31200123.0,효문동,1780893.807948707,207393.20642493997,0.11645456090603314
31200124.0,양정동,4960113.518339102,17789.29242523,0.003586468809525706
31200125.0,화봉동,4069062.576980742,4449.26042167,0.0010934362245594575
31200126.0,송정동,2658485.827431463,0.0,0.0
31200127.0,염포동,4834353.533980822,14972.21962763,0.003097046900353853
31710250.0,온산읍,11679432.719487734,215913.3405415,0.01848662907927347
31710253.0,언양읍,53024616.10549643,789528.794769619,0.01488985404814233
31710256.0,온양읍,51105464.77111883,102256.24726524,0.0020008867490630467
31710259.0,범서읍,60988545.146266066,420466.5296321061,0.00689418855005838
31710262.0,청량읍,41723642.65251311,671702.6016543498,0.01609884849337074
31710265.0,삼남읍,16607154.075533014,204519.5261736,0.012315145945139059
31710310.0,서생면,19340777.37642293,5858.91184651,0.0003029305251014478
31710340.0,웅촌면,41296277.37917201,433300.783345311,0.010492490143042493
31710360.0,두동면,52297781.02152738,175884.83502714697,0.00336314144867346
31710370.0,두서면,66208771.2156344,248982.18276998698,0.003760561904389986
31710380.0,상북면,117579869.86437203,171895.03521663998,0.0014619427238261133
31710400.0,삼동면,56075578.258327074,783420.41810481,0.013970795173895049
36110101.0,반곡동,36839495.75440154,126218.80063413999,0.0034261815491613916
36110103.0,보람동,36153.6867894,0.0,0.0
36110104.0,대평동,648849.13767426,0.0,0.0
36110105.0,가람동,26153172.07864198,1620243.1319627394,0.061952069412104425
36110106.0,한솔동,1821481.7789316599,0.0,0.0
36110107.0,나성동,2418678.8478769,0.0,0.0
36110108.0,새롬동,16767980.71625926,1216294.4877478,0.07253672987400364
36110109.0,다정동,3116505.3041910003,760895.7976882001,0.24415032975075193
36110110.0,어진동,9604150.352523118,0.0,0.0
36110111.0,종촌동,253948.79501317997,0.0,0.0
36110112.0,고운동,78967138.73188263,3684682.3921617805,0.04666095861308074
36110113.0,아름동,14235262.856846368,0.0,0.0
36110114.0,도담동,8095813.23217976,0.0,0.0
36110115.0,산울동,33870993.42410994,329861.83275700005,0.009738770535209601
36110116.0,해밀동,4919099.167606258,0.0,0.0
36110117.0,합강동,25250373.555707198,0.0,0.0
36110118.0,집현동,93073553.90431073,303683.80196764,0.0032628366407912008
36110119.0,세종동,237998288.04015788,7272462.164239699,0.030556783513554533
36110120.0,누리동,50452994.089067005,7049334.9325410705,0.13972084431890314
36110121.0,한별동,20493778.121079534,0.0,0.0
36110122.0,다솜동,24700785.839986004,0.0,0.0
36110123.0,용호동,38407583.062163696,0.0,0.0
36110250.0,조치원읍,146801584.4408799,11287575.75554052,0.07689001313256441
36110310.0,연기면,210167149.49140185,13352023.430822521,0.06353049685992324
36110320.0,연동면,158302299.57402772,2654523.5719754403,0.01676869874359653
36110330.0,부강면,432422306.2581197,5667705.95317902,0.013106876937555292
36110340.0,금남면,1474907862.3239975,79293362.26611178,0.05376156998795167
36110350.0,장군면,1056518920.9574265,171039364.69450313,0.16188954244142242
36110360.0,연서면,938309892.4566023,44036793.28122566,0.04693203560492399
36110370.0,전의면,1497107153.049895,75771184.69124554,0.05061173112217457
36110380.0,전동면,1376553278.5326767,51015428.10420866,0.03706026413927694
36110390.0,소정면,391997761.3897979,35405531.51687856,0.09032074925976866
41111129.0,파장동,4925015.39113935,23596.8705149,0.0047912277710549685
41111130.0,정자동,18910.929965994,0.0,0.0
41111131.0,이목동,2280991.055924706,87222.6355509,0.03823892045711693
41111132.0,율전동,721104.946969592,31818.853685529997,0.044125135764561264
41111133.0,천천동,43272.6852547,0.0,0.0
41111134.0,영화동,12285.4710378,0.0,0.0
41111135.0,송죽동,797566.372092039,44089.4047855,0.05527991942520377
41111136.0,조원동,1017147.8110455531,54536.836067653,0.053617414770418814
41111137.0,연무동,142659.62060805399,15865.0024366,0.11120878051532071
41111138.0,상광교동,7323872.830085609,34022.124715111,0.004645373493563694
41111139.0,하광교동,5344915.165687762,25054.104554643,0.0046874653344323265
41113128.0,고색동,14282.0872265,0.0,0.0
41113129.0,오목천동,358203.019965756,35658.35020048,0.09954787707788985
41113131.0,서둔동,366033.744949675,6567.53339177,0.01794242602597461
41113132.0,구운동,76741.42934724901,25045.6409037,0.32636401376328844
41113133.0,탑동,113926.097972815,0.0,0.0
41113134.0,금곡동,1798755.359997964,5281.764694279999,0.002936344103116934
41113135.0,호매실동,1808754.291525869,3098.38006701,0.0017129911351288073
41113137.0,권선동,39111.71247035,0.0,0.0
41113140.0,입북동,102929.036851571,2244.93089089,0.02181047214234897
41113141.0,당수동,1430739.421909986,8175.48198147,0.005714165595965773
41115122.0,팔달로3가,60056.7833147,0.0,0.0
41115123.0,남창동,255814.20834247,0.0,0.0
41115130.0,신풍동,59121.42592864,0.0,0.0
41115132.0,교동,144853.68760613,0.0,0.0
41115136.0,매산로3가,107529.395225,0.0,0.0
41115137.0,고등동,159865.22079376,0.0,0.0
41115138.0,화서동,302022.837856053,31826.77527299,0.1053787041368009
41115140.0,우만동,176561.764874153,0.0,0.0
41115141.0,인계동,74885.98341848,0.0,0.0
41117101.0,매탄동,25474.8819344,0.0,0.0
41117102.0,원천동,536600.64979385,24804.06278562,0.04622443672990178
41117103.0,이의동,4122291.244422296,57393.10573614,0.01392262271953644
41117104.0,하동,999042.85045253,66100.45434079,0.06616378297572413
41117105.0,영통동,920968.002089127,198253.27661119998,0.2152661940061778
41131101.0,신흥동,275882.13047139,138089.9152236,0.5005395419690672
41131102.0,태평동,625966.930502307,261675.44973462704,0.418033983879381
41131103.0,수진동,69903.858820451,6094.35688036,0.08718198084047746
41131104.0,단대동,314880.91416434,14771.14852235,0.046910269431702574
41131105.0,산성동,281157.86424878,33363.6699231,0.11866525594880198
41131106.0,양지동,1031270.56517372,24518.528292019997,0.02377506846410359
41131107.0,복정동,1313952.406994936,595416.62595901,0.45314930951019194
41131108.0,창곡동,1067257.51037913,228482.83830079995,0.214084076315972
41131109.0,신촌동,958398.69881856,221467.38405551,0.23108063932945433
41131110.0,오야동,1499507.537850012,294832.73318986,0.1966197073024321
41131111.0,심곡동,3285595.286122237,382405.05441137997,0.1163883622631765
41131112.0,고등동,4675628.461455964,396147.35445032007,0.08472601228177187
41131113.0,상적동,7936975.816799724,533757.9785172801,0.06724954073659975
41131114.0,둔전동,1564567.07843698,25120.85753231,0.016056107710898545
41131115.0,시흥동,1227734.374763296,96740.75034259,0.07879615683257331
41131116.0,금토동,9001840.625387019,147526.25651442,0.016388454612089667
41131117.0,사송동,437327.70173396403,58705.058424809,0.13423585606868454
41133101.0,성남동,133473.435645985,34904.45796568,0.26150864999278195
41133103.0,금광동,521998.01303205,33718.84889421,0.06459574184651103
41133104.0,은행동,2577092.1327042473,32400.15921431,0.012572371318487244
41133105.0,상대원동,5884979.858952285,176046.86578301,0.029914608036458425
41133106.0,여수동,635967.569074135,12717.2677461,0.019996723676671543
41133107.0,도촌동,2754825.6757328613,103740.83176201,0.03765785714713582
41133108.0,갈현동,4755746.959612682,176800.33030778,0.037176143266078855
41133109.0,하대원동,1322707.179933734,104142.14588083,0.07873408979759783
41133132.0,중앙동,153587.50730622,32198.193419889998,0.20964070570983237
41135101.0,분당동,2219671.29542084,66849.38976326,0.030116796978529942
41135102.0,수내동,1277627.7603376461,0.0,0.0
41135103.0,정자동,1886218.8969158488,32064.896357339996,0.016999562675238392
41135104.0,율동,4611746.488929318,157945.45425423997,0.0342485118454352
41135105.0,서현동,1469023.700841169,11816.2635986,0.008043616717575053
41135106.0,이매동,2203533.974732469,6905.65793173,0.003133901274460003
41135107.0,야탑동,4215292.627325042,35356.716446410006,0.008387725259502758
41135108.0,판교동,1308857.843764465,13672.2095368,0.010445908699661943
41135109.0,삼평동,224311.79482688,17283.09651885,0.07704943260869897
41135110.0,백현동,1852656.445659029,83566.12975775999,0.045106112335918686
41135111.0,금곡동,2767310.2737496262,14385.872919200001,0.0051985037802456295
41135112.0,궁내동,2165801.264909011,4708.91949065,0.00217421587425651
41135113.0,동원동,2302527.585443512,0.0,0.0
41135114.0,구미동,2653109.401394885,25222.14967146,0.009506637629869063
41135115.0,운중동,5688336.851393089,12431.56428726,0.0021854479810237463
41135116.0,대장동,4129700.577071518,89572.91906000301,0.02168993063500056
41135117.0,석운동,5669921.58848615,4884.10442829,0.0008614059916116124
41135118.0,하산운동,1891358.423608304,19463.915921519998,0.010290971652209126
41150101.0,의정부동,740702.186823612,9466.296131143,0.012780164956360888
41150102.0,호원동,8841420.666447189,112550.66751568,0.01272993015057014
41150103.0,장암동,8016735.574377913,81010.30074091999,0.010105148160285463
41150104.0,신곡동,2006977.98229389,167626.86340935397,0.08352202410201014
41150105.0,용현동,2746058.709405508,214805.288346576,0.0782231230566367
41150106.0,민락동,3500319.723148553,393907.22876099,0.11253464252307464
41150107.0,낙양동,5015444.833020406,161818.313969087,0.032264000374147596
41150108.0,자일동,6560624.215150612,328771.386946436,0.050112821000659676
41150109.0,금오동,3453536.213070066,0.0,0.0
41150110.0,가능동,8560941.180304563,161064.38352193602,0.018813864051826838
41150111.0,녹양동,2118650.570310551,260682.99186855002,0.12304199452311722
41150112.0,고산동,4502548.410193174,501820.95043549803,0.11145264963713478
41150113.0,산곡동,6041200.436858606,359824.4807501801,0.05956175175960343
41171101.0,안양동,10878716.479828741,153767.71418719,0.014134729448304429
41171102.0,석수동,9541600.79949091,309804.39269996,0.032468806776792584
41171103.0,박달동,7479110.714225545,380888.61555642996,0.0509269925409669
41173101.0,비산동,7603791.404638048,250028.17776709396,0.032882040611291026
41173102.0,관양동,2443787.500602335,46965.62492929,0.019218375131927017
41173104.0,호계동,631683.05903935,75937.47093102,0.12021451239566891
41192101.0,원미동,603661.611783277,299045.77939208003,0.4953864442508921
41192103.0,춘의동,1665758.975094702,808465.0035575399,0.48534332736317803
41192104.0,도당동,522708.0625992,206874.64455152,0.39577473422319587
41192106.0,소사동,188728.637586103,81145.2292234,0.4299571610396403
41192107.0,역곡동,1067069.572056636,436224.00326389,0.40880558745867496
41194101.0,소사본동,1041657.278701772,241436.76483903,0.23178138316273764
41194102.0,심곡본동,795049.043602574,132286.60579635,0.1663879817991164
41194103.0,범박동,557826.585149966,330503.06568371004,0.5924835324850243
41194104.0,괴안동,68219.67922487699,3377.42759643,0.049508113125199024
41194105.0,송내동,821073.87979773,177908.1700825,0.21667742021744418
41194106.0,옥길동,965973.544499976,499284.8601919469,0.5168721887206501
41194107.0,계수동,139807.538772385,82465.42704849,0.5898496445370419
41196101.0,오정동,313705.54500918,38669.22935682,0.12326600524606098
41196102.0,여월동,641631.353085118,265182.89978911995,0.41329479694852306
41196103.0,작동,1074791.245181479,468810.572286159,0.43618756143384857
41196104.0,원종동,141662.60707425,44029.464957439995,0.3108051296441461
41196105.0,고강동,1487872.43421565,321556.18229146,0.2161181126129084
41196106.0,대장동,7566.38568787,0.0,0.0
41210101.0,광명동,1004809.458384873,232432.06081394,0.23131953911694905
41210102.0,철산동,378794.85866904,105810.04161,0.27933336260629704
41210103.0,하안동,2828448.831687781,880628.68122162,0.31134686664850664
41210104.0,소하동,3747102.714243207,935085.41774043,0.24954891526886977
41210105.0,노온사동,2842447.216684611,824286.4229240251,0.28999181342247077
41210106.0,일직동,2553733.694607846,508319.24291166005,0.19904943259548372
41210107.0,가학동,3198687.239877247,739463.238841781,0.23117709966234734
41210108.0,옥길동,587840.435990118,330538.30351386,0.5622925598119565
41220101.0,서정동,244583.190797332,0.0,0.0
41220102.0,장당동,230127.637038591,0.0,0.0
41220103.0,모곡동,12407.93915986,0.0,0.0
41220104.0,칠괴동,51774.101443933,4177.80125328,0.08069287803679621
41220105.0,칠원동,209487.963446729,2188.29045045,0.010445900635271886
41220106.0,도일동,2804859.012472859,40085.546323923,0.01429146568353973
41220107.0,가재동,436541.092594798,5600.2002581,0.012828575254651144
41220108.0,장안동,800143.970823541,0.0,0.0
41220109.0,이충동,855949.283777219,0.0,0.0
41220110.0,지산동,3119728.983004141,83256.75851850002,0.02668717666568843
41220111.0,독곡동,387994.770860712,18950.698271319998,0.048842664114468685
41220112.0,신장동,5558.30741663,0.0,0.0
41220117.0,합정동,11934.69502769,3799.85616897,0.31838737061599426
41220118.0,비전동,182054.91342413,3415.04158949,0.018758304982047037
41220119.0,동삭동,46466.280629654,0.0,0.0
41220120.0,세교동,87005.462138355,3962.61394528,0.04554442730249166
41220121.0,지제동,64625.54720729,0.0,0.0
41220123.0,소사동,30195.74418325,2795.297383301,0.09257256142909008
41220124.0,용이동,206128.746082057,0.0,0.0
41220125.0,월곡동,1200239.911777771,47603.77680959,0.03966188454696549
41220126.0,청룡동,377687.06648280297,9927.04508118,0.026283783486750673
41220127.0,죽백동,353879.991005778,12243.066624019999,0.03459666252738234
41220128.0,고덕동,429917.518474495,28616.70852534,0.06656325293950006
41220250.0,팽성읍,1402468.954577726,40019.307560190005,0.02853489728208604
41220253.0,안중읍,3593577.644884409,112950.71768487,0.0314312723549078
41220256.0,포승읍,7029740.18355412,164539.624057874,0.023406216981220702
41220259.0,청북읍,5491977.199217372,289444.58879640105,0.05270316650943999
41220310.0,진위면,10715803.288684204,530153.44431936,0.049473980628143614
41220320.0,서탄면,1049363.789291359,50268.157628084,0.047903461260113
41220330.0,고덕면,534090.382926535,16465.93992358,0.03082987533562258
41220340.0,오성면,1044413.055704407,14283.66472271,0.013676260215912703
41220370.0,현덕면,4561406.8274962185,84138.40496816,0.01844571382253664
41250101.0,송내동,2852693.449352972,240905.70336276002,0.0844485072230248
41250102.0,지행동,1356880.753439771,108195.705057952,0.07973855092547348
41250103.0,생연동,2003295.155740764,134081.27324518,0.0669303636366057
41250104.0,광암동,9094930.719610788,274144.11253278,0.030142517956916533
41250105.0,걸산동,12322251.81418138,189663.12875280002,0.015391921185584061
41250106.0,보산동,3664329.273286142,156585.37223222997,0.04273234214342463
41250107.0,동두천동,2028837.474735705,95874.90187069001,0.047256077958230516
41250108.0,안흥동,8302248.604579134,215840.53997423,0.025997841097553064
41250109.0,상봉암동,8980367.81544187,28348.829123659998,0.003156755904241894
41250110.0,하봉암동,10332582.391767323,22514.856189994,0.0021790154035387253
41250111.0,탑동동,21046085.93626729,282352.06172477,0.013415894175278067
41250112.0,상패동,3870428.696065561,196538.89365695004,0.05077961876852023
41271101.0,일동,1802134.812366518,354383.16953415,0.19664631474977332
41271102.0,이동,207157.759615668,6518.49065502,0.03146631179596415
41271103.0,사동,1779932.162332135,244941.96660669002,0.13761309098755636
41271104.0,본오동,497063.978988489,166019.12150521,0.333999502122552
41271105.0,팔곡이동,1515079.4989819159,229260.47357375,0.15131910485740555
41271106.0,양상동,2905813.890199713,203388.77605502997,0.06999373798197768
41271107.0,부곡동,3508448.929545359,330374.22718066996,0.09416532314280583
41271108.0,성포동,506392.679259367,29436.0193893,0.05812884070984624
41271109.0,월피동,1208560.999467525,188053.83744466995,0.15560144463334813
41271110.0,팔곡일동,2955680.374655539,392581.54263237,0.13282273211903783
41271111.0,건건동,2163944.811653843,154794.3057757,0.07153338890255477
41271112.0,사사동,3244572.389107911,174421.25322167,0.05375785536707559
41271113.0,수암동,3230711.727545197,374802.84683581005,0.11601246983450232
41271114.0,장상동,2150403.099017861,187488.53979813,0.08718762537301047
41271115.0,장하동,1247324.8638160047,116830.63298209001,0.09366495960375879
41273101.0,고잔동,1171302.096448744,149014.472365684,0.12722121203187384
41273102.0,와동,1647126.771444502,279192.80474647,0.16950292447837678
41273103.0,신길동,509035.86222409114,152607.970301963,0.29979807244853984
41273104.0,성곡동,659797.108799332,274752.392426336,0.4164195155785353
41273105.0,원시동,1417127.0163679493,429815.34420714003,0.30330050817092097
41273106.0,목내동,1065893.31846051,336633.660782798,0.3158230330864672
41273107.0,초지동,958362.785626124,336389.79650119995,0.3510046524619876
41273108.0,원곡동,886826.170723261,202128.33448138,0.22792328548054913
41273109.0,선부동,2195287.520732091,445802.94913827395,0.2030726931794366
41273110.0,대부동동,3721853.59128541,224669.68473850298,0.060364998038761976
41273111.0,대부북동,4518798.754262977,223814.043531136,0.04952954439938107
41273112.0,대부남동,3481742.148860959,101693.408202165,0.0292076218899305
41273113.0,선감동,2039608.230531718,169917.00347097,0.08330864767430031
41273114.0,풍도동,1485664.653374783,0.0,0.0
41273115.0,화정동,2227172.972170887,478185.96702445,0.21470535652125347
41281101.0,주교동,2295159.824248769,122360.994831362,0.053312624915527226
41281102.0,원당동,4203013.345964679,19487.55772882,0.00463656812975149
41281103.0,신원동,2557774.34495685,71747.381417673,0.02805070805371745
41281104.0,원흥동,1960373.801735983,32676.5508021,0.016668530651227698
41281105.0,도내동,1093249.995664918,1414.06393161,0.0012934497481977686
41281106.0,성사동,2837637.707945634,115850.94838965,0.04082654669595671
41281107.0,북한동,10034612.771043776,0.0,0.0
41281108.0,효자동,10326239.070529541,31149.180348250004,0.003016507765847478
41281109.0,지축동,9051365.24908315,398223.61772332,0.043995972625638737
41281110.0,오금동,3936722.321116798,629199.7718271399,0.15982833446293054
41281111.0,삼송동,555230.356441138,28889.18923224,0.05203099739972999
41281112.0,동산동,2394254.817642651,256939.67587635003,0.10731509193717699
41281113.0,용두동,5004318.8986338,1041318.97080026,0.20808405537156002
41281114.0,벽제동,10753196.024652941,355553.09508329903,0.03306487617896601
41281115.0,선유동,4016361.9927022858,487780.252625473,0.12144827919190747
41281116.0,고양동,1434113.605967498,106039.42112048,0.07394073989622495
41281117.0,대자동,10151573.03418503,360232.000054963,0.0354853379709623
41281118.0,관산동,3062371.380818884,242029.159361772,0.07903324883380178
41281119.0,내유동,4918540.332219017,29449.02622815,0.005987350766495386
41281120.0,토당동,126686.95656994301,59973.4995346,0.4733991656156728
41281121.0,내곡동,204262.72074696,42356.046357440006,0.20736062949984171
41281122.0,대장동,287967.962720293,108226.77668267,0.37582922648861483
41281123.0,화정동,606567.020272213,72063.8183631,0.1188060279485018
41281124.0,강매동,791960.1004987999,139696.00229926998,0.1763927276276738
41281125.0,행주내동,352679.51441574,96868.7405007,0.2746650614543797
41281126.0,행주외동,291550.580049424,69917.06959821799,0.2398111147176094
41281128.0,행신동,294550.092344784,31155.953739,0.10577472066289685
41281129.0,화전동,2566610.453235927,139497.9190007,0.05435102893188331
41281130.0,현천동,1097985.194785968,387921.09225537,0.3533026620918947
41281131.0,덕은동,1076184.493026955,544835.9674733201,0.5062663242255746
41281132.0,향동동,3557936.135766622,1624019.25805584,0.45644980575400784
41285101.0,식사동,3074312.344831039,184816.81844362,0.06011647409683655
41285102.0,중산동,1102986.050298274,153091.50036255,0.1387973132762199
41285104.0,장항동,22231.51980777,0.0,0.0
41285105.0,마두동,517426.080796859,76962.45406100001,0.14874096400876127
41285106.0,백석동,99718.834468777,11826.135772386999,0.11859480543858426
41285107.0,풍동,646127.5014260791,101369.90807100001,0.1568883971774375
41285108.0,산황동,621139.905241361,86957.61061486001,0.13999681856065943
41285109.0,사리현동,1619713.644095265,24745.65644286,0.015277797117454275
41285110.0,지영동,735813.85117804,16040.76603574,0.02180003272574808
41285111.0,설문동,367731.376300101,4696.32718882,0.012771080988714397
41285112.0,문봉동,1132910.556939957,18100.88280138,0.015977327327826578
41285113.0,성석동,3980757.855506185,181248.700402415,0.045531204605100954
41287103.0,탄현동,609242.857441855,44307.5281234,0.07272556022969645
41287104.0,대화동,37160.70379083,0.0,0.0
41287105.0,덕이동,77150.207321073,886.002450651,0.01148412274465781
41287108.0,법곳동,13073.983130551,0.0,0.0
41290101.0,관문동,2446418.038501407,38006.6367448,0.015535626432873092
41290102.0,문원동,3427847.188410481,333278.429595968,0.09722674649056096
41290103.0,갈현동,2924366.648154497,295616.190834602,0.10108725286590134
41290104.0,막계동,8747312.674148975,1116941.8403063498,0.12768971247675412
41290105.0,과천동,4445754.799797607,447148.01482641103,0.10057864973722065
41290106.0,주암동,2529610.600138071,375602.20948478,0.14848222468085756
41290107.0,중앙동,6251475.85064104,120026.30877604001,0.01919967566758372
41290110.0,부림동,27597.220204600002,8455.99764904,0.3064075869362569
41310101.0,갈매동,1476569.922004338,120906.25109712,0.08188318703729142
41310102.0,사노동,887940.248795525,203629.69722686,0.22932815299574497
41310103.0,인창동,3223467.64458347,180340.16836608,0.0559460147425749
41310104.0,교문동,4287526.168485875,199894.7399328,0.04662239531085874
41310105.0,수택동,30988.37802013,20805.05047311,0.6713823634007263
41310106.0,아천동,4934251.537689323,32686.29599343,0.006624367595320602
41310107.0,토평동,39892.30515215,0.0,0.0
41360101.0,호평동,8315619.084392343,371825.609425239,0.044714122382435925
41360102.0,평내동,5681063.155656935,274424.2095557,0.04830507988323301
41360103.0,금곡동,5576573.609159249,400153.30383492,0.07175612336178756
41360104.0,일패동,2162770.623836728,217107.13946605302,0.10038380264334629
41360105.0,이패동,1590191.26514282,17478.5295566,0.010991463693538902
41360106.0,삼패동,975466.57818399,48873.822158049996,0.050103020699117734
41360108.0,수석동,478212.286167407,4623.9588329,0.009669259796644576
41360109.0,지금동,525017.987742854,0.0,0.0
41360110.0,도농동,20505.223718,0.0,0.0
41360111.0,별내동,13151285.619834512,328012.8414292871,0.024941503888759327
41360112.0,다산동,960494.402025999,63577.361637350004,0.06619232918301701
41360250.0,와부읍,37045425.98105239,1318762.763102008,0.03559853148338786
41360253.0,진접읍,46696010.240412,1821777.827951608,0.03901356493996551
41360256.0,화도읍,45925018.625232026,3140142.6409549844,0.06837542444086749
41360259.0,진건읍,15004636.126021836,1597329.251435979,0.10645571395535583
41360262.0,오남읍,20267093.1478619,869985.003797352,0.04292598832255981
41360265.0,퇴계원읍,1547545.669783439,66866.010383695,0.043207778412802586
41360310.0,별내면,20597061.44378972,1791782.88856631,0.08699216116124932
41360340.0,수동면,64572994.36781949,1752286.5073729642,0.027136522388781018
41360360.0,조안면,36707609.05078567,1472565.2678298552,0.04011607690908262
41370101.0,오산동,34432.72060178,2711.77462745,0.0787557468610196
41370102.0,부산동,725309.3746067759,44946.64269488001,0.061968925631559195
41370103.0,원동,1168191.437729372,117692.99185694,0.10074803500161011
41370104.0,궐동,333841.99547985,12406.9000064,0.03716398827704963
41370105.0,청학동,345932.81982265,16103.420731350001,0.04655071681144845
41370106.0,가장동,710388.871635568,100390.53424149999,0.14131771801318516
41370107.0,금암동,562982.735394064,48599.2817066,0.0863246395514821
41370108.0,수청동,433434.239536674,4480.92689343,0.010338193166788008
41370109.0,은계동,209128.94162935,11893.46050644,0.056871423026275306
41370110.0,내삼미동,943155.852443425,125597.78674283,0.13316758456987252
41370111.0,외삼미동,386002.532259131,30936.713465150002,0.08014640029454932
41370112.0,양산동,1719917.21413199,41245.11777849,0.023980873869737757
41370113.0,세교동,393990.522400696,13435.3299585,0.03410064251453239
41370114.0,지곶동,2811739.138458493,159966.11665167002,0.05689223244919149
41370115.0,서랑동,1126491.675589725,86302.78154491,0.07661200114925838
41370116.0,서동,675201.078058014,31515.757494847003,0.04667610659848374
41370117.0,벌음동,148023.535623861,14734.91599497,0.0995444132101569
41370118.0,두곡동,150357.07170938302,13599.582995423,0.09044857578570625
41370119.0,탑동,52329.1371032,0.0,0.0
41370121.0,가수동,167333.96586711003,3952.81846985,0.02362233184020255
41370122.0,고현동,52555.32767913,0.0,0.0
41370124.0,갈곶동,42007.792967572,850.221450162,0.02023961246472363
41390101.0,대야동,2678984.757713311,370763.59154591,0.13839705152424273
41390102.0,신천동,1117337.747343787,4082.58190271,0.003653847650287836
41390103.0,방산동,1347028.761033837,160163.80660315,0.11890154927369567
41390104.0,포동,917464.171864416,142380.37220394998,0.1551890270707935
41390105.0,미산동,773530.254189412,157428.07107416,0.2035189576898062
41390106.0,은행동,46010.347424901,15113.10268218,0.32847182271005243
41390107.0,안현동,1243067.994876314,308861.62069425,0.248467197262996
41390108.0,매화동,1348980.435841593,202608.43896015,0.15019375639332233
41390109.0,도창동,969449.713756022,109696.90831226,0.11315378895440784
41390110.0,금이동,2902313.2465557572,964747.093920564,0.33240626078713315
41390112.0,과림동,2324026.134760264,655850.7853790299,0.2822045654175419
41390113.0,계수동,1402525.2554607056,476264.15718408,0.33957617185840644
41390117.0,화정동,633928.982106901,119501.59763889998,0.18850944035044628
41390118.0,능곡동,1604335.715616067,450707.66232996003,0.2809310158359765
41390119.0,하중동,478121.564143978,28001.377454690002,0.05856539331126649
41390120.0,하상동,460941.62689464405,36119.07506779,0.07835932569406585
41390121.0,광석동,1818706.4631818621,264939.74603781,0.1456748251580372
41390122.0,물왕동,1756141.093051298,322085.69312532,0.18340536213163577
41390123.0,산현동,4519987.795845224,340101.40231178,0.07524387623886983
41390124.0,조남동,3498958.667331305,490970.795766882,0.14031911847113956
41390125.0,논곡동,883019.989714981,209736.15497711004,0.23752141222171894
41390126.0,목감동,1700045.074788856,324699.0901221331,0.1909944006410891
41390127.0,거모동,1524662.471552535,418088.99997832504,0.27421741387298193
41390128.0,군자동,3119103.893987761,1089715.13989205,0.3493680162409896
41390129.0,장현동,823342.78525414,413566.16570852004,0.5023013174043484
41390130.0,장곡동,824991.44403037,319578.91950613994,0.3873724046699028
41390131.0,월곶동,2419112.111373285,402615.19778501004,0.16643097932176978
41390132.0,정왕동,1693038.336419515,217559.850667975,0.12850261331239354
41390133.0,죽율동,45585.353694933,3661.4691382,0.08032117426801906
41390134.0,무지내동,1520520.3705347239,116882.4883514,0.07687005752530349
41390135.0,배곧동,56912.62768826,0.0,0.0
41410101.0,당동,1040343.185957861,221718.24230271002,0.21312029078036437
41410102.0,당정동,23079.873825581002,0.0,0.0
41410103.0,부곡동,959130.690886721,175621.32655049002,0.18310468867191315
41410104.0,산본동,6620043.536623738,359186.43152851006,0.054257412287608206
41410105.0,금정동,630954.450145278,172109.61731767,0.27277661212793025
41410106.0,둔대동,3803594.215004039,268365.03841648,0.07055564375344256
41410107.0,속달동,7125054.997125976,424988.87802410003,0.05964710141823849
41410108.0,대야미동,1333878.11924073,373343.42026412,0.27989320379333793
41410109.0,도마교동,654150.758193513,58209.74399149,0.08898521214320783
41430101.0,고천동,1331311.681673288,224188.72826939,0.16839687607008264
41430102.0,이동,1497388.294477247,145133.32943523,0.09692431146317829
41430103.0,삼동,690664.831874472,136663.23158314,0.19787199995725058
41430104.0,왕곡동,6667551.366411786,150603.180676348,0.02258747963083136
41430105.0,오전동,5623369.301250356,211252.19258829,0.0375668360499315
41430106.0,학의동,8939992.21060623,136819.88170224,0.015304250661417758
41430107.0,내손동,3885991.668609266,332157.54550695,0.08547561956709594
41430108.0,청계동,9063226.9793274,360682.598842319,0.03979626678941301
41430109.0,포일동,1338472.669661128,174837.83854107,0.13062488499323271
41430110.0,월암동,466521.417168906,77829.70149791101,0.1668298573948052
41430111.0,초평동,907994.311919261,44858.21736666,0.04940363257545252
41450101.0,천현동,1140116.497657994,43909.77814038,0.038513413524476355
41450102.0,하산곡동,7882269.576314336,166481.55283755,0.021121017395524674
41450103.0,창우동,2613659.660637202,21751.908832920002,0.008322395283713776
41450104.0,배알미동,8632295.221579378,123223.44535759001,0.014274702404703538
41450105.0,상산곡동,9911173.475872897,392176.22780952,0.03956910135456793
41450108.0,덕풍동,560420.095179386,0.0,0.0
41450109.0,망월동,34239.8925042,0.0,0.0
41450110.0,풍산동,689493.643194552,25791.616071486,0.037406604580121516
41450111.0,미사동,6802.889206309999,0.0,0.0
41450113.0,감북동,1120510.451578609,199687.94490443,0.1782115861776243
41450114.0,감일동,219496.280852751,61633.211265399994,0.28079387507593634
41450115.0,감이동,2915496.421388473,378242.57770246,0.12973522276605168
41450116.0,학암동,3034978.644220308,173763.9689442,0.05725376989887858
41450117.0,교산동,789137.9325335,54654.41862381001,0.06925838484071332
41450118.0,춘궁동,1787257.9162305112,140869.46697920997,0.07881876795729428
41450119.0,하사창동,1747866.808064886,90928.43698713,0.0520225205762672
41450120.0,상사창동,4090394.760010229,112688.26710841,0.027549484516777592
41450121.0,항동,4161371.345696208,81916.54834471001,0.019684988802893093
41450122.0,초일동,1531293.224459913,208936.26266827,0.13644431995835532
41450123.0,초이동,1286124.17991378,307825.46940785,0.23934350525039208
41450124.0,광암동,2523442.844697411,168340.09923033,0.06671048626445741
41461101.0,김량장동,1229604.951419108,70162.80762612,0.057061259834017344
41461102.0,역북동,4628004.424694565,246712.10968289,0.05330852934505833
41461103.0,삼가동,4811113.7684323,451096.36382328,0.09376131713681542
41461104.0,남동,3496475.446977217,275666.62925685,0.07884128844524566
41461105.0,유방동,5367946.715901799,260595.149825419,0.04854652320848155
41461106.0,고림동,2177815.205324375,132357.14929275998,0.060775197532449046
41461107.0,마평동,2815241.578061072,156830.052859262,0.05570749383691428
41461108.0,운학동,6069023.286607014,247292.23215229003,0.04074662766544479
41461109.0,호동,7298130.226681893,132219.10391624,0.018116846344129113
41461110.0,해곡동,6026252.60630776,92450.45197934,0.015341283882220745
41461250.0,포곡읍,26289977.078886785,1961600.2918327877,0.07461399779645031
41461253.0,모현읍,31035623.48246417,843007.0469892732,0.027162561998008233
41461256.0,이동읍,50907623.83010267,2251502.0879107043,0.04422720839269161
41461259.0,남사읍,29379008.225574225,1417762.114754002,0.04825765743582351
41461262.0,양지읍,38489601.36369781,1420590.3088323213,0.036908418338990064
41461340.0,원삼면,32806816.414268184,1994160.490256931,0.06078494374692328
41461350.0,백암면,32546166.754519,2593117.968249608,0.07967506550950601
41463101.0,신갈동,1201385.460519486,96603.566601122,0.08041013461187557
41463102.0,구갈동,1221235.960160077,16303.45923223,0.013349966561820678
41463103.0,상갈동,751732.44887309,62368.09945574,0.08296582055122804
41463104.0,하갈동,2516573.345094928,248303.10975973002,0.09866714603955393
41463105.0,보라동,1810015.737682903,33923.33142238,0.01874200909756014
41463106.0,지곡동,5308310.094065172,293357.661796284,0.05526385169628004
41463107.0,공세동,2609321.215044461,111577.71099841,0.042761201785004754
41463108.0,고매동,2062737.448658013,75295.30501100501,0.03650261212835935
41463109.0,농서동,496645.737267432,22535.54710918,0.04537549689477178
41463110.0,서천동,526177.902962728,66342.61178725,0.12608399443172627
41463111.0,영덕동,1439658.582961096,207887.93515945,0.1444008583839824
41463112.0,언남동,2008659.545043832,33007.90390617,0.01643280165999944
41463113.0,마북동,3557413.892351244,26316.052900910003,0.007397523509280675
41463114.0,청덕동,2262251.788648661,56534.032198941,0.02499015913375017
41463115.0,동백동,2533942.550657964,73479.12302525001,0.028997943543025633
41463116.0,중동,3999427.819722046,220396.85976959,0.055107097741023174
41463117.0,상하동,4263331.326712162,248159.73259852198,0.058207939655935736
41463118.0,보정동,2164476.753249088,89105.74929123999,0.04116733947707393
41465101.0,풍덕천동,846557.816533901,7035.58993441,0.008310820356270674
41465102.0,죽전동,2354337.511465619,39196.38241262,0.016648582551029193
41465103.0,동천동,5510163.484584887,9597.04945237,0.001741699584634557
41465104.0,고기동,10088181.955692997,40791.574331410004,0.00404350105009658
41465105.0,신봉동,6275067.310957874,19385.26835066,0.0030892526549967615
41465106.0,성복동,3184229.281323725,22783.083812509998,0.007154975913995357
41465107.0,상현동,1911703.603219046,77484.92753144,0.040531872933108476
41480101.0,금촌동,10592.6695346,0.0,0.0
41480102.0,아동동,94985.92808058,0.0,0.0
41480108.0,야당동,442489.729333559,4279.79928701,0.009672087289926199
41480111.0,상지석동,711446.750196101,13983.8126921,0.01965545936958113
41480113.0,동패동,24551.20423652,0.0,0.0
41480122.0,와동동,31201.5415036,0.0,0.0
41480253.0,파주읍,2451406.163951065,223218.090913879,0.09105716310760442
41480256.0,법원읍,23675603.250335142,523371.805087681,0.022105954368038007
41480262.0,조리읍,12402140.54146102,531468.92746819,0.04285299990686776
41480310.0,월롱면,1804703.0279535311,27294.526603070004,0.015124109717941252
41480350.0,광탄면,43615827.29524294,935125.290321367,0.021440044779876467
41480370.0,적성면,3214749.7273420016,21844.6156606,0.006795121708793618
41500101.0,창전동,323325.54651987005,18980.0214094,0.05870251087083086
41500102.0,관고동,4003690.0313673927,344151.69946035004,0.08595862735727591
41500103.0,중리동,452852.724694095,0.0,0.0
41500104.0,증일동,3320233.674228357,95091.48852590998,0.028639998824182108
41500105.0,율현동,826941.114109679,79850.89658629999,0.09656176869651832
41500106.0,진리동,92469.21828439001,0.0,0.0
41500107.0,안흥동,29728.37498271,0.0,0.0
41500108.0,갈산동,91972.145419873,0.0,0.0
41500109.0,증포동,160086.882366548,23451.55451605,0.14649266803980482
41500110.0,송정동,962695.9258295681,104229.085752443,0.10826792028087934
41500111.0,사음동,2394469.7365646632,425642.78028373,0.1777607684006055
41500112.0,단월동,1909193.064789491,71283.36559809999,0.037336907886767204
41500113.0,대포동,1102808.797991185,23526.217348180002,0.02133299751601007
41500114.0,고담동,2793809.970088977,45404.75816033,0.0162519135683677
41500115.0,장록동,164982.953202467,0.0,0.0
41500250.0,장호원읍,16680999.435912848,324801.58668233606,0.019471350498523752
41500253.0,부발읍,4223330.375889697,280389.72783804795,0.06639066870987576
41500310.0,신둔면,16706144.31528545,604566.691314785,0.03618828377782125
41500320.0,백사면,9375892.66833431,318455.20935810707,0.03396532155638283
41500330.0,호법면,15953400.182613967,690921.3536926799,0.043308720760709477
41500340.0,마장면,31596242.141855463,909249.35737525,0.028777136005384944
41500350.0,대월면,4955421.372371955,268461.229494896,0.05417525762625404
41500360.0,모가면,16320511.342050845,1064162.070387018,0.0652039662289953
41500370.0,설성면,16421031.791165639,512299.599720442,0.031197771628214886
41500380.0,율면,12919848.62379459,1325664.6475720382,0.10260682506221869
41550101.0,봉산동,265086.58778727,0.0,0.0
41550102.0,숭인동,13783.71062469,0.0,0.0
41550104.0,봉남동,395475.455890509,0.0,0.0
41550107.0,명륜동,475378.37137325003,1998.44390856,0.0042039016263760425
41550120.0,금석동,1058602.16728881,47540.86838493,0.04490909791606331
41550121.0,계동,168394.06135728,99445.81062371,0.5905541431934278
41550123.0,사곡동,1550343.0279295929,132756.60475818,0.08563047168694657
41550124.0,도기동,461622.561114361,138279.766590282,0.29955157793083903
41550125.0,당왕동,1142704.111231692,13529.98123863,0.011840319034160449
41550126.0,가사동,1449807.655625064,23381.47709608,0.016127295924644163
41550129.0,신소현동,299773.54109653,70898.31546633999,0.23650624803978296
41550130.0,신모산동,186187.09684834,13483.6875217,0.07242009650477138
41550132.0,발화동,5318.16692392,0.0,0.0
41550133.0,중리동,1719528.515416065,173994.86691540002,0.10118754376882166
41550250.0,공도읍,1269950.184988001,118508.033185359,0.09331707226490835
41550310.0,보개면,26065301.27807923,1698559.8124361848,0.06516555455526861
41550320.0,금광면,57591215.57245888,1818847.736641123,0.03158203414464701
41550330.0,서운면,17855375.881914698,284400.94037653395,0.015928028749290973
41550340.0,미양면,4485893.225507815,760804.3472878749,0.16959929919012948
41550350.0,대덕면,7929906.654214027,1070410.595839568,0.1349840095873943
41550360.0,양성면,29541463.99210501,1337978.7701594552,0.04529155259593876
41550380.0,원곡면,20461818.586713374,627957.6884590589,0.0306892413202615
41550390.0,일죽면,18480222.21995676,1011774.8424212671,0.054749062558817785
41550400.0,죽산면,33761948.33719663,2404407.0379987955,0.07121647761511982
41550410.0,삼죽면,25011583.492914367,2079938.0503559408,0.08315899115084716
41550420.0,고삼면,15467317.35991886,1228422.227293828,0.07942050962742205
41570101.0,북변동,383217.82809155004,0.0,0.0
41570102.0,걸포동,27052.15680424,0.0,0.0
41570103.0,운양동,335816.877681658,49860.118708848,0.14847412986822403
41570104.0,장기동,589796.56343935,38539.71278205,0.06534407823149875
41570105.0,감정동,1232596.940262967,204695.85949540001,0.16606877139556211
41570106.0,사우동,455930.46349661,22816.3587887,0.05004350578752158
41570107.0,풍무동,1055142.733184587,97636.77461844,0.09253418665336095
41570108.0,마산동,1232472.147503063,69490.0070679,0.05638261863254585
41570253.0,고촌읍,1907424.743882667,194359.15532550996,0.10189610675275257
41570256.0,양촌읍,3257086.827583154,90050.68576563,0.027647615962528706
41570340.0,대곶면,4871299.41907795,115092.418611353,0.023626636080017013
41591101.0,새솔동,52803.93711739,43525.4940229,0.8242850135613408
41591250.0,우정읍,5441680.36787319,288180.29993970395,0.052957961596030945
41591253.0,향남읍,9187384.873763815,545091.9030299229,0.05933047439718436
41591256.0,남양읍,21301823.22929803,3232909.2158145774,0.15176678451486303
41591310.0,마도면,7592306.944085434,1274072.876399683,0.16781103369275824
41591320.0,송산면,9802547.854520652,993109.65654433,0.1013113806005381
41591330.0,서신면,12733548.23774075,1786342.81860975,0.14028633537628094
41591340.0,팔탄면,14396815.559757667,1289069.227703163,0.0895384970622532
41591350.0,장안면,8845679.478485063,573277.081304513,0.06480871059129696
41591360.0,양감면,5987618.517287792,538319.707144887,0.08990547837852725
41593101.0,배양동,392931.494775227,18846.500421319997,0.04796383255585296
41593102.0,기안동,457341.228263548,10894.7134987,0.023821848601022693
41593250.0,봉담읍,19039135.7030664,1540707.0612062889,0.08092316191423259
41593310.0,매송면,14464781.349046202,605778.852161483,0.04187957201312467
41593320.0,비봉면,18815888.38957919,2735085.670974214,0.14536043232957246
41593330.0,정남면,10544899.692085493,1395472.952529569,0.13233629463321928
41595101.0,진안동,3345.46840706,0.0,0.0
41595102.0,병점동,182481.41020948,5571.89037723,0.030534016428488436
41595103.0,능동,258940.284247717,9550.47737139,0.03688293383602479
41595104.0,기산동,2691.793290038,508.971421198,0.18908265470518903
41595105.0,반월동,150963.83626101702,3509.36302756,0.0232463821434181
41595107.0,황계동,6904.7059438100005,4177.74363297,0.6050574299569275
41595108.0,송산동,390361.736988265,25266.8940653,0.06472687169659655
41595109.0,안녕동,1413190.186742632,71983.00733321,0.05093653211612588
41597101.0,능동,258940.284247717,9550.47737139,0.03688293383602479
41597102.0,반송동,683009.356388781,93025.24320093,0.13619907594351954
41597103.0,석우동,725142.609909955,64926.61564222001,0.08953634051415392
41597105.0,청계동,1076213.915452252,3983.8811052399997,0.003701755801555375
41597106.0,영천동,875993.302410341,59734.10575877,0.06819013980404703
41597107.0,중동,4346762.370916211,59247.82214292,0.013630333817956497
41597108.0,신동,4391387.797905486,45289.41624581999,0.010313235434916773
41597109.0,목동,523875.321798929,0.0,0.0
41597110.0,산척동,581030.545177469,7084.70443401,0.01219334248915616
41597111.0,장지동,2814932.507781827,103289.1101405,0.036693281226089516
41597112.0,송동,110816.56296163,15560.55870621,0.14041726516637962
41597114.0,금곡동,816606.950869077,84140.12783571,0.1030362621162648
41597115.0,여울동,104465.233704312,0.0,0.0
41610101.0,경안동,231635.021563747,25996.68541368,0.1122312387745978
41610102.0,쌍령동,2375682.95538413,62812.199199320006,0.02643963878133046
41610103.0,송정동,2891214.326617974,27782.228725897003,0.009609190321907244
41610104.0,회덕동,3478470.1198849343,44107.58939941,0.01268016912011567
41610105.0,탄벌동,2920154.908853294,110560.81834897,0.037861285376941105
41610106.0,목현동,8296069.188325272,46673.535133469995,0.005625981904677435
41610107.0,삼동,3767428.740632456,64346.02285349,0.017079559371490045
41610108.0,중대동,2527326.518039713,299570.18805937003,0.11853244363998033
41610109.0,직동,6072459.659195186,13050.714769499,0.0021491645069616943
41610110.0,태전동,3079592.250758709,125575.45165025999,0.040776648798009664
41610111.0,장지동,1356910.107896491,44382.64473366,0.03270861089130131
41610112.0,역동,109164.471726658,16560.170242840002,0.15169926607903883
41610113.0,목동,5754748.928772254,272662.32127145,0.047380402628550665
41610114.0,고산동,3221537.398661279,179762.01361661698,0.05580007039226603
41610115.0,신현동,6475500.272426528,20224.48374118,0.003123231084909119
41610116.0,능평동,5042621.738852936,194303.854049665,0.03853230801600122
41610117.0,문형동,4536404.199643315,220333.74532063,0.0485701307960949
41610118.0,추자동,1970759.873439339,123728.65093601,0.06278220528210812
41610119.0,매산동,4793225.016350645,9892.115180486999,0.0020637702479526883
41610120.0,양벌동,4483057.471160494,151055.34400004995,0.033694715040302047
41610253.0,초월읍,38517064.00909224,881191.583674792,0.02287795309286243
41610259.0,곤지암읍,52355498.65980266,1990478.357798656,0.03801851589137664
41610330.0,도척면,38364497.400964536,682196.947673545,0.01778198579127987
41610340.0,퇴촌면,51031378.41425656,657784.0390509509,0.012889795641247793
41610350.0,남종면,36081179.64468686,1386662.634860162,0.038431743322016224
41610370.0,남한산성면,33269587.85382691,77920.66364424,0.002342098855765567
41630101.0,유양동,3400533.023143045,146786.107637649,0.04316561746016438
41630102.0,어둔동,4145396.89552341,199803.15653891,0.04819880015703111
41630103.0,남방동,1246071.630778887,152860.31627158003,0.12267377933645035
41630104.0,마전동,3646465.733732729,360658.8469126889,0.09890641329117827
41630105.0,산북동,6424870.159271119,196083.09505670998,0.03051938641495519
41630106.0,광사동,4747369.99333832,263314.9350347901,0.05546543357780898
41630107.0,만송동,2694585.466365964,212278.33265590397,0.07877958792013816
41630108.0,삼숭동,2465434.612196019,118150.355430917,0.04792272926097917
41630109.0,고읍동,656211.275508779,7472.802005458001,0.011387798845218148
41630110.0,덕정동,673919.863364783,12505.33851326,0.018556120976791927
41630111.0,봉양동,5369881.905427087,277476.82103040203,0.05167279763638177
41630112.0,회암동,4423895.002812613,38866.48156536,0.008785579571994717
41630113.0,율정동,3795689.184462258,35047.08518721,0.009233391746267335
41630114.0,옥정동,477053.03197178995,0.0,0.0
41630115.0,고암동,1346355.648628094,56859.07285717,0.04223183741614492
41630116.0,덕계동,5508677.992503997,59317.3101859,0.010767975595345522
41630117.0,회정동,1637210.433457518,3481.22244876,0.0021263133789150325
41630250.0,백석읍,29324118.433612876,1099529.7598483348,0.03749574816162231
41630310.0,은현면,15035414.51028261,536906.393126437,0.03570945069450866
41630320.0,남면,15324524.239762677,1073624.2854247428,0.07005922458845414
41630330.0,광적면,30141765.2746223,1224906.5390774482,0.04063818186882212
41630340.0,장흥면,58181779.393307686,1130393.9791157742,0.01942865946870296
41650101.0,신읍동,4527425.4775874885,187728.01509536,0.04146462841292175
41650102.0,어룡동,2993111.424531394,110632.2115935,0.03696227634118925
41650103.0,자작동,4567264.399442776,177662.1896145,0.038899037602503475
41650104.0,선단동,2223368.160325444,168932.22371474002,0.07598031973706626
41650105.0,설운동,2927562.321933292,33452.771572996004,0.011426834989085595
41650106.0,동교동,5245955.08893165,99796.35202222998,0.019023485777220735
41650250.0,소흘읍,27564856.191725295,646372.818648135,0.023449163462066963
41650310.0,군내면,17675194.838804495,924491.3162920382,0.052304448393541356
41650320.0,내촌면,45450566.6245702,748959.5066131501,0.01647855158329905
41650330.0,가산면,13063994.028867686,188345.91465199,0.014417177031449912
41650340.0,신북면,75809353.90029521,1117156.2238004801,0.014736390251653757
41650350.0,창수면,56854080.09093771,443078.30787508003,0.007793254365674008
41650360.0,영중면,42479261.74376859,287194.50525575,0.0067608167719129305
41650370.0,일동면,64812724.19046772,1222583.518385597,0.018863325583919947
41650380.0,이동면,104880439.0382015,66513.033981588,0.0006341795914618682
41650390.0,영북면,62478240.716105595,969711.53372081,0.01552078807927827
41650400.0,관인면,43771302.18145228,976155.0716577071,0.022301257285220647
41650410.0,화현면,36288152.537451416,40761.113952841995,0.0011232623074645155
41670101.0,상동,502124.733663265,0.0,0.0
41670102.0,홍문동,488474.915553083,7152.055930439999,0.014641603289581365
41670103.0,창동,61817.715272483,0.0,0.0
41670104.0,우만동,343041.947254429,6597.84188865,0.019233338492439474
41670105.0,단현동,238093.12250248602,0.0,0.0
41670106.0,신진동,250075.556410637,0.0,0.0
41670107.0,하동,296990.08004556,0.0,0.0
41670108.0,교동,1817281.180662303,12468.83245085,0.0068612565757742395
41670109.0,월송동,1122984.605385469,28918.98573851,0.025751898645648343
41670110.0,가업동,1781455.2319968902,32266.3462859,0.018112353151716096
41670111.0,연라동,2463298.043326745,74275.06834277,0.030152692462037476
41670112.0,상거동,3216143.27155052,151542.56305521,0.04711934458757819
41670113.0,하거동,5935040.076515365,374373.28429733,0.06307847621428961
41670114.0,삼교동,842858.4540789389,131361.79148527,0.15585273049057788
41670115.0,점봉동,1303567.747331693,1467.62496545,0.0011258524679320426
41670116.0,능현동,1500563.561598416,2728.161110725,0.0018180910029688675
41670117.0,멱곡동,276152.9279123,0.0,0.0
41670118.0,연양동,236241.02390519198,0.0,0.0
41670119.0,매룡동,1798120.452111139,51521.73200093,0.028653103823183434
41670120.0,천송동,1813114.71321788,54039.14745232701,0.029804593751500366
41670121.0,오학동,906257.604102618,48481.51306150001,0.053496393124896
41670122.0,현암동,976567.6784937261,14779.3580328,0.015133982373444843
41670123.0,오금동,3001217.385115942,4599.1104799370005,0.0015324149802495328
41670250.0,가남읍,20549609.104693547,623622.597276713,0.030347175661569012
41670310.0,점동면,40164343.9868834,592968.668295629,0.014763559153095508
41670320.0,흥천면,12038258.202054689,587136.205611257,0.04877252138611254
41670330.0,금사면,30123457.974360943,1207551.455854232,0.04008674757333698
41670345.0,세종대왕면,10733752.665455053,234856.73503967,0.021880207450235053
41670350.0,대신면,27971826.69742108,834848.5071665801,0.029846048890455574
41670360.0,북내면,42581596.99687977,670962.666434516,0.015757104330391406
41670370.0,강천면,53847594.88184739,905297.633265978,0.01681222040190255
41670380.0,산북면,27586813.765071344,971083.869413894,0.0352010158796743
41800250.0,연천읍,40171313.29020089,229157.14486151002,0.005704497216858704
41800253.0,전곡읍,24048621.988542624,781009.330762652,0.032476261264979954
41800310.0,군남면,9102.14481017,0.0,0.0
41800320.0,청산면,32065019.373045858,433627.0161694,0.013523366729474387
41800360.0,신서면,12309125.71323199,0.0,0.0
41820250.0,가평읍,124126906.98047745,1097729.89905383,0.008843609542502172
41820310.0,설악면,112367872.94332214,1405446.182881198,0.012507544603875334
41820325.0,청평면,95480381.73310116,2601079.560379104,0.027242031432697565
41820330.0,상면,84392138.81591505,783889.03824449,0.009288649976680776
41820345.0,조종면,102792251.125235,568364.22474192,0.00552925165584188
41820350.0,북면,228723516.84468144,1483808.3785059622,0.00648734506611127
41830250.0,양평읍,18474916.38246151,304565.94957531994,0.016485376348682614
41830310.0,강상면,24327115.56699955,1085810.2745825578,0.04463374507315168
41830320.0,강하면,30200535.335652877,1384679.1963876002,0.04584949177218504
41830330.0,양서면,38517110.20720504,1532268.124228729,0.03978149232862494
41830340.0,옥천면,59629153.3347337,750906.736825401,0.012592946483913956
41830350.0,서종면,76188622.52678329,1640336.7009349,0.021529943008987428
41830360.0,단월면,99430801.5667437,1168281.80995734,0.011749697191902065
41830370.0,청운면,87180610.96020979,1221914.0696231003,0.014015892480735145
41830380.0,양동면,103527256.07680808,2601420.192610295,0.025127877345462252
41830395.0,지평면,55565009.40572043,2020080.2378167862,0.03635525773183471
41830400.0,용문면,84339792.95483352,2288460.159367639,0.027133812868063097
41830410.0,개군면,15103314.018593825,342137.12140426104,0.022653115798496472
43111107.0,문화동,46953.3055323,0.0,0.0
43111112.0,수동,850100.244723144,36689.2729211,0.04315876056834775
43111118.0,대성동,94288.199867273,0.0,0.0
43111119.0,영운동,9256.17748391,0.0,0.0
43111120.0,금천동,55108.628868971,11442.6742964,0.20763852288190057
43111121.0,용담동,886387.695761217,4578.0231604,0.005164809013361201
43111122.0,명암동,3580760.719871589,113077.95891212599,0.031579311704519906
43111123.0,산성동,3137985.817790423,93671.52653743,0.02985084445135821
43111124.0,용암동,2331219.6644342663,19383.62568986,0.008314800181888463
43111125.0,용정동,3274760.701309775,260330.30235904298,0.07949597729535508
43111128.0,지북동,384479.960987925,18322.0263882,0.04765404766771557
43111129.0,운동동,1626145.008098258,99848.39327839999,0.06140190006497057
43111130.0,월오동,6862744.136365038,58220.36051852,0.00848353943577989
43111310.0,낭성면,49695552.54187141,3950053.1805799995,0.07948504400372344
43111320.0,미원면,100987640.5441374,8982070.351463906,0.0889422735600821
43111330.0,가덕면,33363784.490097705,1561126.2498308418,0.04679104225403987
43111340.0,남일면,19640263.392712474,970791.7188972989,0.04942865070014853
43111350.0,문의면,61246889.04725517,2412583.5792540964,0.03939112037825566
43112101.0,사직동,52529.028801450004,0.0,0.0
43112102.0,사창동,41717.11588008,0.0,0.0
43112103.0,모충동,138935.538453953,0.0,0.0
43112104.0,산남동,832057.041001224,0.0,0.0
43112105.0,미평동,561350.208561247,0.0,0.0
43112106.0,분평동,48582.127961132996,0.0,0.0
43112107.0,수곡동,227450.044073366,0.0,0.0
43112108.0,성화동,1077488.118349,0.0,0.0
43112109.0,개신동,525896.831702663,0.0,0.0
43112110.0,죽림동,692754.103040299,0.0,0.0
43112111.0,장성동,112115.238157754,0.0,0.0
43112112.0,장암동,468603.322052149,9547.09360747,0.020373508163921087
43112310.0,남이면,29927757.9971991,634782.8732246851,0.02121050542055618
43112320.0,현도면,23021280.306341775,900441.45232451,0.03911343940660248
43113104.0,운천동,182940.20356523,0.0,0.0
43113105.0,신봉동,384008.736249314,51281.1873184,0.13354172048082308
43113113.0,가경동,140562.704733758,0.0,0.0
43113114.0,복대동,102792.24271775999,0.0,0.0
43113115.0,봉명동,430386.71276118,53623.48243822,0.12459372199061237
43113116.0,송정동,132145.32380794,0.0,0.0
43113117.0,강서동,469261.619583528,24630.422975690002,0.052487614473030256
43113118.0,석곡동,583898.4997966071,7975.77656378,0.013659525699343724
43113119.0,휴암동,995834.053521375,10086.2242389,0.010128418689071777
43113120.0,신전동,319270.432034339,0.0,0.0
43113121.0,현암동,792228.903916433,44561.13491994,0.056247802497042525
43113122.0,동막동,1463238.51482198,22524.21315214,0.015393398221806876
43113123.0,수의동,2230090.702835457,72054.49277870999,0.032310117560284
43113124.0,지동동,1364769.461132355,101713.124346328,0.0745276966132699
43113125.0,서촌동,592348.749326874,44741.95746974999,0.0755331340204454
43113126.0,신성동,80999.055890777,0.0,0.0
43113127.0,평동,80170.40059576,5167.4952378,0.06445639786504066
43113129.0,남촌동,109598.76045688,28999.4313538,0.26459634427352297
43113130.0,내곡동,174583.550298327,0.0,0.0
43113131.0,상신동,152886.71277586,17846.31901819,0.11672903873833461
43113132.0,원평동,33414.58267788,0.0,0.0
43113133.0,문암동,51780.14734769,5417.84099788,0.10463162573680276
43113134.0,송절동,202189.536138605,2342.29511982,0.011584650544003965
43113135.0,화계동,28381.945363261002,0.0,0.0
43113136.0,외북동,23550.81112003,12147.529269409999,0.5158008871753257
43113137.0,향정동,43300.5420915,0.0,0.0
43113138.0,비하동,1327858.292775739,85256.6030194,0.0642061005178351
43113139.0,석소동,598015.879082431,8122.37632638,0.013582208450455553
43113140.0,정봉동,97817.41581166,5452.19680903,0.05573850795166978
43113141.0,신촌동,24007.013469640002,0.0,0.0
43113250.0,오송읍,8967402.041529711,563674.7554801721,0.06285820049883893
43113310.0,강내면,7867081.004363551,140717.76922185998,0.017886909915356096
43113320.0,옥산면,31341849.564963214,1333431.8237519702,0.04254477136035399
43114101.0,우암동,622194.701056696,13018.94909596,0.020924236535363357
43114102.0,내덕동,322269.953807489,1366.9522937,0.004241637414689183
43114103.0,율량동,3801713.348183059,278274.28298255,0.0731970712930118
43114104.0,사천동,117175.20979164,5551.14985915,0.047374780629972926
43114105.0,주성동,647323.1785869941,3769.489518873,0.005823195651824503
43114106.0,주중동,357950.27388726,35607.40578126,0.09947584449250878
43114107.0,정상동,67271.945060769,5743.55545887,0.08537816847248365
43114108.0,정하동,65514.38434169,0.0,0.0
43114109.0,정북동,36319.16284672,4351.1102886,0.11980205344939417
43114110.0,오동동,129867.691453326,16517.1719633,0.12718461211144433
43114111.0,외남동,121146.110567809,0.0,0.0
43114112.0,외평동,17467.384174929997,0.0,0.0
43114250.0,내수읍,22851216.05115225,2554509.084389214,0.11178875901706795
43114253.0,오창읍,27273456.050449125,1611711.8363446519,0.059094521551041605
43114310.0,북이면,9968198.990443882,622174.891253522,0.062415978237390375
43130105.0,교현동,322583.299879994,3559.10380044,0.011033130982800541
43130106.0,용산동,1247098.125230845,4343.65346126,0.003483008572766449
43130107.0,호암동,2527145.930298884,144376.24894587998,0.05713015905211485
43130108.0,직동,8907888.4111604,421102.22751435393,0.04727295719003045
43130109.0,단월동,1173807.42954731,115525.8887411,0.0984197968363973
43130110.0,풍동,4616243.020256311,525149.65784062,0.11376126766641974
43130111.0,가주동,2530349.079110949,254545.41233212998,0.10059695495515023
43130112.0,용관동,848342.485969413,61002.680788606,0.07190808169756743
43130114.0,달천동,3111.98659161,0.0,0.0
43130116.0,칠금동,241972.24532337,0.0,0.0
43130118.0,연수동,2212094.354922357,24070.79474573,0.010881450283604592
43130119.0,목행동,950242.651458582,128286.04182895,0.13500345583523995
43130120.0,용탄동,5216915.454464686,237089.64203606,0.04544632630248136
43130121.0,종민동,6592620.515789338,52200.563982946,0.007918029538925462
43130122.0,안림동,6144466.833734249,102099.8343701,0.01661654902416483
43130123.0,목벌동,5936846.967876033,275211.685972929,0.04635654034238797
43130125.0,지현동,2717.55127978,0.0,0.0
43130128.0,금릉동,516212.42195577,28220.907707020004,0.05466917591812237
43130250.0,주덕읍,21243535.90849876,1891543.60994355,0.08904090251693048
43130310.0,살미면,69296787.0116083,3764574.597447384,0.054325384477302806
43130325.0,수안보면,68543748.13726595,1057031.391817653,0.015421266279469256
43130335.0,대소원면,39776247.39210172,3257332.4434241643,0.08189139642345862
43130350.0,신니면,39976449.30121792,1570479.624703817,0.03928512041853529
43130360.0,노은면,47485246.264715694,2122072.2991280043,0.04468908694919895
43130370.0,앙성면,70721054.74102639,3078493.7346138,0.043530087975737125
43130385.0,중앙탑면,22616266.05661884,1339298.769817022,0.05921838584955384
43130390.0,금가면,13328924.592300886,335355.55006755097,0.025159985544614797
43130400.0,동량면,74538603.83821008,3290940.1811212804,0.044150815975362745
43130410.0,산척면,65635868.65373188,2334768.097123451,0.03557152735253245
43130420.0,엄정면,39187782.59569254,1960882.17143791,0.05003809967174431
43130430.0,소태면,44009386.882072166,7891847.968357899,0.17932192487718462
43150103.0,동현동,29400.10440333,1888.77744628,0.06424390268716419
43150104.0,남천동,3099.49479298,0.0,0.0
43150105.0,교동,66882.496182646,12607.35405013,0.18850005262514752
43150109.0,화산동,18794.0492669,0.0,0.0
43150111.0,하소동,952092.689172771,261554.90512332998,0.274715800360344
43150112.0,신월동,4873538.080592027,498175.08125449496,0.10222041420757252
43150113.0,청전동,65087.989416129,1573.6124188,0.024176694239844716
43150114.0,모산동,5338605.080976468,43943.76020191701,0.00823131876873713
43150115.0,고암동,2714228.319461358,437452.12054308393,0.16116997873999667
43150116.0,장락동,1211528.558290275,305676.864100012,0.25230677560864695
43150117.0,흑석동,2191243.089220597,187398.30226876802,0.08552145729090409
43150118.0,두학동,10496106.53641924,584641.66230444,0.05570081251327421
43150119.0,고명동,4199506.693972757,170734.15693276998,0.04065576492063036
43150120.0,신백동,326781.364761063,117898.08441015001,0.36078582539844367
43150121.0,강제동,2151961.105598677,155131.89436633998,0.07208861440977679
43150122.0,명지동,2680219.601361858,113003.66010598998,0.04216209002000105
43150123.0,산곡동,3309615.0500643123,283389.89838723,0.08562624175331907
43150124.0,왕암동,2051330.727548397,141946.737095226,0.06919739230195734
43150125.0,천남동,3475692.662834736,171660.98996120098,0.049389001449051076
43150126.0,신동,4708154.938910676,87015.18579756,0.018481801666810196
43150127.0,자작동,6731021.11300967,47874.80963323,0.007112562689886369
43150128.0,대랑동,7479509.28141599,9207.090958550001,0.0012309752701860346
43150250.0,봉양읍,119378871.54935762,3320665.8329489967,0.027816193852829775
43150310.0,금성면,56217146.83586185,1447038.7431287481,0.025740166916576032
43150320.0,청풍면,66395286.88998587,1557132.539046858,0.023452455919453434
43150330.0,수산면,68684760.28730321,607625.086943538,0.008846577965794564
43150340.0,덕산면,105256293.17009144,719256.5248894299,0.006833382624705679
43150350.0,한수면,70795998.22253315,524023.5318375769,0.007401880685267168
43150360.0,백운면,125776000.50548917,2757906.081145178,0.021927124968684437
43150380.0,송학면,57277366.819395766,2043260.552249781,0.035673088092413395
43720250.0,보은읍,36956530.41803046,2611267.16038714,0.07065780068772763
43720315.0,속리산면,91873937.54705037,632736.8912854601,0.0068870117922335
43720325.0,장안면,23421869.309784137,274759.65864651,0.011730902218455007
43720330.0,마로면,55081589.690151446,3325187.2762982203,0.0603683970452429
43720340.0,탄부면,12344524.571937714,827936.4764531,0.06706912620476393
43720350.0,삼승면,9743872.587931925,392793.91685192,0.04031188968320531
43720360.0,수한면,38411473.18425377,1877891.08731898,0.04888880669353745
43720370.0,회남면,32911667.326836485,780145.56569182,0.023704224946868066
43720385.0,회인면,44934110.91293837,1402972.749348142,0.031222888821956608
43720390.0,내북면,51405247.91827125,1395716.1790752788,0.02715123913601809
43720400.0,산외면,48418557.9522607,2561722.01437145,0.052907854399489425
43730250.0,옥천읍,25311759.20345961,727062.3069643669,0.028724289810128728
43730310.0,동이면,39459438.174522795,2006617.012157422,0.05085265034140819
43730320.0,안남면,22751039.896256976,1362061.6652630041,0.05986810587445244
43730330.0,안내면,51401940.05043513,1642468.49573608,0.03195343393896231
43730340.0,청성면,63857634.02305903,5481830.505052112,0.08584456015192514
43730350.0,청산면,55783476.08307361,3024864.66880855,0.05422510179006908
43730360.0,이원면,46725922.74705373,1685749.562128146,0.03607739479547121
43730370.0,군서면,38302721.715683185,672957.8416050801,0.01756945228593338
43730380.0,군북면,49297665.29017974,823527.0676522482,0.01670519410614558
43740250.0,영동읍,88723130.44531457,2328507.0924548684,0.026244645345218833
43740310.0,용산면,50103722.36373094,2132166.2931231703,0.042555047659824215
43740320.0,황간면,74602875.5083086,913288.3145216,0.012241998827778242
43740335.0,추풍령면,50685647.31483286,501088.33472071995,0.009886197794973793
43740340.0,매곡면,38680360.72761036,556373.0113083201,0.014383863046840112
43740350.0,상촌면,135138321.04190928,768153.52433448,0.005684202070974815
43740360.0,양강면,70028422.0837567,1428203.6695501497,0.02039462873862791
43740370.0,용화면,58725134.53908619,958285.47182797,0.016318148597687005
43740380.0,학산면,63347038.63803695,933350.3304362559,0.014733922066497714
43740390.0,양산면,48167826.77632319,418022.5788716801,0.008678460434033083
43740400.0,심천면,57681042.87641864,2359073.0796427918,0.040898585774482174
43745250.0,증평읍,30287252.626322955,2226587.916644396,0.07351567816716548
43745310.0,도안면,15369872.329684535,850978.08423659,0.055366633240866756
43750250.0,진천읍,37932672.826674104,2865055.144407163,0.07553000964362488
43750253.0,덕산읍,4765586.657365254,414194.21653027,0.08691358405793112
43750320.0,초평면,51370221.36209734,1481833.135347048,0.02884615047503755
43750330.0,문백면,37258531.30146363,3099524.7304573916,0.08318966481471676
43750340.0,백곡면,73597885.45188987,3705038.6870782794,0.05034164588193532
43750350.0,이월면,21043985.102219656,1309501.8942816702,0.06222689704069159
43750370.0,광혜원면,18004834.487748288,1066826.4708973991,0.059252223152806004
43760250.0,괴산읍,32151672.078272454,1426590.0990767889,0.04437063477146042
43760310.0,감물면,29940512.250006873,631616.225694261,0.021095705391417145
43760320.0,장연면,53421147.118448764,668433.081813322,0.012512518316599037
43760330.0,연풍면,88726715.1426747,892070.8441472301,0.010054140319663122
43760340.0,칠성면,90629358.78265202,583292.28392948,0.0064360190976120195
43760350.0,문광면,46794056.19542715,3370029.5870025298,0.0720183258516465
43760360.0,청천면,184685271.61617303,2033640.6233537265,0.011011384966204522
43760370.0,청안면,53140859.501779445,4732970.582407109,0.08906462234109375
43760390.0,사리면,37262760.56739816,2706078.316073631,0.07262152011467518
43760400.0,소수면,35731736.338292316,2430273.162462622,0.06801441551717129
43760410.0,불정면,43960100.84866744,1710348.938884709,0.03890684747909432
43770250.0,음성읍,59686617.997452505,4170299.3683201857,0.06986992240870775
43770253.0,금왕읍,26389056.794473797,1510515.7698256793,0.057240233388788656
43770256.0,대소읍,3107139.855575168,216107.05177256302,0.06955176201187091
43770310.0,소이면,30195578.877108596,2667588.1824935097,0.0883436675729976
43770320.0,원남면,44796779.533631586,3472540.934617719,0.07751764682125593
43770330.0,맹동면,15894470.363414573,1014764.7193468689,0.06384388382532234
43770350.0,삼성면,12088390.69984289,633321.144946882,0.05239085670478148
43770360.0,생극면,33596914.63756314,1993687.244528543,0.059341378993757195
43770370.0,감곡면,38567503.8904762,2716113.4157258,0.07042492102779078
43800250.0,단양읍,70932519.23065138,518556.333593834,0.0073105585310969095
43800253.0,매포읍,57009118.827515066,614856.4613847251,0.010785230047933468
43800310.0,대강면,133629710.17380564,580549.552852428,0.004344464656080864
43800320.0,가곡면,100474425.88966468,453413.65908385004,0.004512727045405198
43800330.0,영춘면,173000179.09633067,826785.13147839,0.00477909985872336
43800340.0,어상천면,63544866.6198278,800308.1236002201,0.012594378840831515
43800350.0,적성면,64297237.082403675,1444596.2278105412,0.02246746972905133
43800360.0,단성면,66556048.96101733,57509.288623946995,0.0008640730560437995
44131104.0,사직동,10034.1358324,0.0,0.0
44131107.0,원성동,179306.9104988,13312.85648072,0.07424619856360247
44131108.0,구성동,2338202.400208247,66631.210112435,0.02849676747680211
44131109.0,청수동,155099.3727885,25795.36719543,0.16631509677737796
44131110.0,삼룡동,3029431.717545217,65904.94447099001,0.021754886927899977
44131111.0,청당동,692195.824239539,76960.33438842,0.11118289318339973
44131112.0,유량동,5359276.010112015,29716.31153621,0.0055448369294920676
44131113.0,봉명동,531174.62118271,0.0,0.0
44131114.0,다가동,220433.756574061,11226.3591772,0.05092849367391779
44131115.0,용곡동,251663.366521631,16527.299497519998,0.06567224990252779
44131116.0,신방동,648241.924157631,30958.865284379997,0.047758196640258994
44131118.0,신부동,985394.759537355,67132.85596553,0.06812788003566106
44131119.0,안서동,6895770.32131492,27639.67207024,0.004008206593657187
44131120.0,구룡동,2033908.6835498959,130438.30625482003,0.06413183999350387
44131250.0,목천읍,45989427.18027181,950609.31323839,0.02067017076581843
44131310.0,풍세면,10535259.451166617,584612.761016392,0.05549106443236718
44131320.0,광덕면,73120917.08524767,3769223.721111566,0.05154781793446648
44131330.0,북면,50980014.44041259,2340578.2369649997,0.04591168250257673
44131340.0,성남면,15493783.810533268,730539.285620875,0.047150476252561774
44131350.0,수신면,10808055.929223208,343656.25689545996,0.031796306305768636
44131360.0,병천면,42069556.07673827,2699512.7894511595,0.06416784585335368
44131370.0,동면,26804472.335092302,1263737.43721118,0.04714651426123022
44133102.0,성정동,121501.77731884,2450.14768548,0.020165529587690082
44133103.0,백석동,1170490.217203581,89315.08619768999,0.07630570925323299
44133104.0,두정동,342288.50887868,35435.62733955,0.10352561193373198
44133105.0,성성동,232326.34483507002,6013.43094948,0.02588355166414284
44133106.0,차암동,414824.55411040504,73958.77983525,0.17828930110912855
44133107.0,쌍용동,1592790.853988125,30660.014445610002,0.01924924064502356
44133108.0,불당동,1339610.284081196,121186.81033341,0.09046422812178462
44133109.0,업성동,216603.412538724,13434.980887810001,0.06202571201600122
44133110.0,신당동,1538580.31705259,129594.28227481,0.08422978042710809
44133111.0,부대동,1168650.04046112,95967.79820863,0.08211850843796105
44133250.0,성환읍,9833360.42721788,120074.03879215999,0.012210885554424056
44133253.0,성거읍,12904773.619084451,599449.799466567,0.04645178731225941
44133256.0,직산읍,6967020.263697745,361836.69028787,0.05193564488010047
44133310.0,입장면,19979372.11192445,829994.6531654599,0.04154257944222819
44150101.0,반죽동,228033.036657297,2374.95512066,0.010414960724437653
44150102.0,봉황동,309985.240243349,47694.18080942,0.15385952173715897
44150103.0,중학동,225918.16996843298,0.0,0.0
44150104.0,중동,7905.72384208,0.0,0.0
44150105.0,산성동,114471.201892287,0.0,0.0
44150106.0,교동,36486.654866859,1674.082438328,0.045882047681180475
44150107.0,웅진동,2276255.009767227,309037.86238050804,0.13576592299828072
44150108.0,금성동,442657.62136361,3005.02030711,0.0067885882047009904
44150109.0,옥룡동,1543771.737274873,190246.9442261,0.12323515169537397
44150110.0,금학동,5598450.881622939,569261.55866267,0.10168197787200131
44150111.0,봉정동,4460203.057555345,259701.47973872998,0.058226380365981226
44150112.0,주미동,2564635.611792072,211193.78674826,0.082348457526364
44150113.0,태봉동,3730436.466591018,272502.21868692007,0.07304834732541111
44150114.0,오곡동,6243895.597290798,611180.020099399,0.09788440735053092
44150115.0,신기동,4005092.8726946292,813102.469484317,0.20301713226871093
44150116.0,소학동,2969123.492790225,316510.85967440106,0.10660077307089741
44150117.0,상왕동,8583914.568122588,1441498.5593441701,0.16793020805418435
44150118.0,무릉동,3356980.236634299,664373.63534751,0.1979081163771192
44150119.0,월송동,1654720.514309189,220137.1700708,0.13303586204870532
44150120.0,신관동,617399.883723783,3456.31857835,0.005598184692720665
44150121.0,금흥동,1288080.439056783,306767.96059546,0.23815900878061286
44150122.0,쌍신동,1511421.852833485,26593.5841236,0.017595077161114626
44150123.0,월미동,870737.568846063,61174.07025439,0.07025546208539087
44150124.0,검상동,2961369.861979352,12402.03255117,0.004187937721119576
44150125.0,석장리동,4868845.064539011,519825.82817456004,0.10676573628530073
44150126.0,송선동,1573918.3589963,278490.75005163,0.1769410391967381
44150127.0,동현동,4035613.379100438,904894.8114364,0.2242273296353543
44150250.0,유구읍,86520847.48489058,9012154.530522283,0.10416165343382824
44150310.0,이인면,41095857.89112283,5890076.133676853,0.14332529933507424
44150320.0,탄천면,35905201.86289572,3697367.665730467,0.10297582171655498
44150330.0,계룡면,58486634.98843389,7155541.616663377,0.12234490184088094
44150340.0,반포면,53275452.71607022,2357965.2292405907,0.04425988159701409
44150360.0,의당면,35764275.10601687,7222795.8568836935,0.20195560613134175
44150370.0,정안면,86768250.23615019,21744756.367209196,0.2506072936590082
44150380.0,우성면,48896912.59284115,8281745.744348906,0.16937154730626922
44150390.0,사곡면,66703537.06009999,9656275.942087442,0.14476407650447565
44150400.0,신풍면,68736099.54007983,8231931.857854344,0.11976140503949205
44180101.0,대천동,856129.17852776,0.0,0.0
44180102.0,죽정동,2678027.017904092,0.0,0.0
44180103.0,화산동,2545797.5019770092,99305.31941627001,0.039007548455504304
44180104.0,동대동,3059296.14803472,9454.90782483,0.0030905500374338703
44180105.0,명천동,3117395.91172878,21485.20764041,0.006892036895145341
44180107.0,내항동,1908395.844171946,27359.07208542,0.014336162054100007
44180108.0,남곡동,2721561.704632448,42029.19994683,0.015443045026423944
44180109.0,요암동,1476554.566975105,19153.576375,0.01297180395726136
44180110.0,신흑동,2795274.2347690063,69441.97657303,0.024842634654330613
44180250.0,웅천읍,34345381.59308146,1276416.9372922801,0.037164150697612336
44180310.0,주포면,7328420.4527111035,245205.71203406804,0.03345955838865055
44180320.0,오천면,30424777.86080131,307611.924569717,0.010110572572693726
44180330.0,천북면,24208797.624562044,1438240.57295846,0.059409830891362946
44180340.0,청소면,23082910.13583564,855800.242783828,0.037075058463066995
44180350.0,청라면,53774047.35107781,1116926.7796219222,0.020770740434131286
44180360.0,남포면,17482095.499907434,717378.281035042,0.041035028154310246
44180380.0,주산면,24274489.67904414,762562.6954087439,0.0314141596998043
44180390.0,미산면,55159850.824325606,2591787.9374352633,0.046986855451978116
44180400.0,성주면,43589766.85721776,757912.41454735,0.017387393170281477
44180410.0,주교면,15989409.172974978,389380.56715122,0.024352404953733017
44200101.0,온천동,13140.16136608,0.0,0.0
44200103.0,방축동,1418018.930160504,0.0,0.0
44200104.0,기산동,1650293.115899023,0.0,0.0
44200105.0,초사동,2988518.6217863588,0.0,0.0
44200106.0,신인동,1060167.962523646,9159.6059001,0.008639768625243384
44200107.0,법곡동,904307.604503684,27742.91798238,0.03067862953293011
44200108.0,장존동,1723545.085070715,16560.7515406,0.00960853979628884
44200109.0,좌부동,557748.69990339,0.0,0.0
44200110.0,읍내동,450291.986006535,6888.22066662,0.015297231309197745
44200111.0,풍기동,492352.49716841,4345.77141583,0.008826544885672676
44200112.0,용화동,1621820.133368989,10865.922784,0.006699832219636058
44200114.0,권곡동,54773.110059546,0.0,0.0
44200115.0,배미동,88209.273742297,0.0,0.0
44200116.0,득산동,544352.65406674,115429.29179921,0.21204873520292944
44200117.0,점양동,482323.72243954905,0.0,0.0
44200250.0,염치읍,21303191.59978066,1101219.75000615,0.051692712091904965
44200253.0,배방읍,24558527.05572566,931353.7815320892,0.03792384532748067
44200310.0,송악면,53171869.94272199,634927.28313305,0.011941037315727447
44200330.0,탕정면,7585697.992163976,608531.0411642,0.08022083686864577
44200350.0,음봉면,26024628.930631313,1771210.597500661,0.06805901449053607
44200360.0,둔포면,3697857.73878313,253936.50293206002,0.06867124721126346
44200370.0,영인면,16849191.95722364,1220680.04245772,0.07244739365286809
44200380.0,인주면,8817997.09169135,659091.9919767699,0.07474395660640343
44200390.0,선장면,5018155.671966079,232712.64435927,0.046374138143884004
44200400.0,도고면,25822979.490666904,682524.0912144,0.02643088073787465
44200410.0,신창면,9466315.486927442,583633.711705546,0.06165373555440002
44210101.0,읍내동,1254771.277452016,39149.758604,0.03120071307617028
44210102.0,동문동,752453.09890942,6976.23685099,0.009271324499960359
44210103.0,갈산동,6345584.942189968,229540.52679856,0.03617326517409153
44210104.0,온석동,1317555.670450158,12678.3999275,0.009622667346699879
44210105.0,잠홍동,35510.9579063,0.0,0.0
44210106.0,수석동,688521.40142932,1787.72236961,0.0025964659426690575
44210107.0,석림동,8679.26559273,0.0,0.0
44210108.0,석남동,50985.976943315,0.0,0.0
44210109.0,예천동,563542.479698968,20138.07493808,0.03573479491526055
44210110.0,죽성동,42224.685483604,12781.33331145,0.3026981294250975
44210111.0,양대동,137819.578680864,5716.85130801,0.04148069064445467
44210112.0,오남동,312306.314820971,2877.26031547,0.00921294312322626
44210113.0,장동,508834.68359329,27484.59668624,0.054014786280190664
44210114.0,덕지천동,216019.068205023,18462.22627047,0.08546572496529593
44210250.0,대산읍,34820984.60066412,139663.633500629,0.004010904203379857
44210310.0,인지면,13743650.642219825,823344.7112945699,0.05990727883938603
44210320.0,부석면,17530304.66928247,864034.087979754,0.04928802461110447
44210330.0,팔봉면,27294129.414126884,478975.50064526,0.01754866379424991
44210340.0,지곡면,22579975.19771757,411979.9526569111,0.018245367811500292
44210360.0,성연면,25523621.0897157,968374.5674738381,0.03794032845378777
44210370.0,음암면,9421511.018683756,273179.83701476996,0.028995331690747722
44210380.0,운산면,46839967.44178196,714291.441611889,0.015249614391805283
44210390.0,해미면,28002401.731212292,262195.37612604303,0.009363317426940292
44210400.0,고북면,10290474.619171701,122779.884317523,0.011931411218757348
44230105.0,취암동,48100.901650192,0.0,0.0
44230106.0,등화동,181482.329977338,0.0,0.0
44230107.0,지산동,42706.738934962,0.0,0.0
44230109.0,내동,431478.844431559,8463.96469835,0.019616175410640677
44230110.0,강산동,351838.365626215,38507.26225124,0.10944588769534369
44230111.0,관촉동,440588.411794573,0.0,0.0
44230250.0,강경읍,71935.303206553,0.0,0.0
44230253.0,연무읍,16300888.452314109,980500.5351049599,0.060150128502091914
44230310.0,성동면,2408777.942938707,201777.595778963,0.08376762016211196
44230320.0,광석면,1777001.629675186,94931.69107753,0.053422399559015794
44230330.0,노성면,12490535.922753455,829696.708805432,0.06642602959045259
44230340.0,상월면,19983676.924060825,1024127.957777351,0.05124822432173513
44230350.0,부적면,4592485.973526893,201615.58623286997,0.04390118715551246
44230360.0,연산면,28084015.93993844,2819940.652199192,0.10041087635863852
44230380.0,벌곡면,61705999.03154451,2983656.832338239,0.0483527838324597
44230390.0,양촌면,56067192.659673735,4524614.213832932,0.08069985314401616
44230400.0,가야곡면,20580434.74760505,2674533.119480933,0.12995513225453942
44230410.0,은진면,3622743.82650347,205563.74774708602,0.05674255691037588
44230420.0,채운면,243867.196929671,22295.684564690004,0.09142551702482507
44250101.0,금암동,1609976.505414769,25596.965999840002,0.01589896865808337
44250310.0,두마면,8728424.392153855,434285.453450173,0.04975530908425584
44250315.0,엄사면,12842227.490703378,626224.6682804922,0.04876293218865829
44250330.0,신도안면,27258162.94458265,32399.50097635,0.0011886164538021133
44270101.0,읍내동,250389.91300076,11821.71677504,0.047213230890032376
44270102.0,채운동,1231298.222081231,0.0,0.0
44270103.0,우두동,1080001.685975276,16102.88641386,0.014910056736919424
44270104.0,원당동,1599714.414162037,0.0,0.0
44270105.0,시곡동,4181077.279817346,61535.3952817,0.014717593376888797
44270106.0,수청동,1402692.621330907,3958.20427548,0.0028218614793341997
44270107.0,대덕동,3343104.078196248,42859.128235840006,0.01282015971784055
44270108.0,행정동,1476843.331841988,92644.21624447001,0.06273124186363073
44270109.0,용연동,4990663.707544072,30015.659786700002,0.006014362326463156
44270110.0,사기소동,4250610.752122795,104681.96769527001,0.02462751209176019
44270111.0,구룡동,4647147.199249828,34821.83804287,0.007493164418912996
44270250.0,합덕읍,4840740.972556694,165935.26398778,0.03427889757549645
44270253.0,송악읍,15804886.943872608,370807.75718647,0.02346158871640827
44270310.0,고대면,17533410.377773244,226680.15374047402,0.012928469068848805
44270320.0,석문면,14311540.551269492,137295.61490615,0.009593349815437677
44270330.0,대호지면,27572863.127956882,835374.6270600901,0.030296985234481537
44270340.0,정미면,26387101.880702384,330733.820412053,0.012533919863853172
44270350.0,면천면,20590836.12732452,296930.259268085,0.014420505191338568
44270360.0,순성면,15321714.486338371,342892.62433151,0.022379520558045294
44270370.0,우강면,630077.4364913,7423.96931155,0.011782630009561547
44270380.0,신평면,2882532.127121877,44643.00351374001,0.015487426174262534
44270390.0,송산면,9620596.015394298,294610.037034625,0.03062284670962254
44710250.0,금산읍,10152924.669984734,617994.36230228,0.06086860509556103
44710310.0,금성면,17009150.25115674,1068755.539664443,0.06283415243461443
44710320.0,제원면,44377276.49525204,954261.994066724,0.02150339248891989
44710330.0,부리면,49117601.60907526,1172060.076804468,0.023862323045266753
44710340.0,군북면,46690351.038535096,1607188.21434141,0.03442227737835906
44710350.0,남일면,34970195.13793672,853790.562135686,0.024414806916804088
44710360.0,남이면,89438348.36066987,2123337.21428461,0.023740791877350214
44710370.0,진산면,67052371.70671591,2298589.556431346,0.03428051085926199
44710380.0,복수면,46116095.450083755,1473605.33083153,0.03195425190379715
44710390.0,추부면,33657707.81337196,1824651.6184693403,0.05421199888556938
44760250.0,부여읍,22612425.551320355,1107473.1207153169,0.048976308101129414
44760310.0,규암면,13103330.78483146,2685300.741398355,0.2049326835667527
44760320.0,은산면,50106146.15161349,17325564.63325502,0.3457772342105603
44760330.0,외산면,51150226.34520004,6537890.608533741,0.12781743260354622
44760340.0,내산면,32145058.889261223,9795120.984334081,0.3047162246016715
44760350.0,구룡면,7995449.233074047,4458250.033621259,0.5575984417710041
44760360.0,홍산면,13821062.440250143,2026357.410991058,0.1466137223351104
44760370.0,옥산면,16706145.156167585,2310237.572760621,0.13828669337927582
44760380.0,남면,5250140.609019105,1947607.220696418,0.3709628685659704
44760390.0,충화면,26708476.446737483,4274596.395113766,0.16004643333505908
44760400.0,양화면,13735255.570016295,1795935.553495981,0.13075370489766944
44760410.0,임천면,19157783.03622591,3102880.515855539,0.1619644877483072
44760420.0,장암면,25357833.14547252,3482894.636566126,0.137349852275843
44760430.0,세도면,12828931.875863912,1150558.2858973993,0.0896846516164012
44760440.0,석성면,13678558.34254019,679931.8347467999,0.04970785792770414
44760450.0,초촌면,10432655.783419982,571105.5880959601,0.054742109770705295
44770250.0,장항읍,2485938.069550707,176129.121460295,0.0708501646189953
44770253.0,서천읍,6821046.820785875,392747.775433912,0.0575788124246686
44770310.0,마서면,7820018.342847538,647948.0031043338,0.08285760655497307
44770320.0,화양면,6195995.997569844,416006.26024693996,0.06714114412115557
44770330.0,기산면,7187040.129601173,547241.333315654,0.07614279640122473
44770340.0,한산면,7149940.0222734315,566000.131595747,0.07916152161172657
44770350.0,마산면,15811538.57508643,3387937.6292756414,0.21426995312232744
44770360.0,시초면,6316632.552607397,531214.741429696,0.08409777472498693
44770370.0,문산면,21057087.681193694,2141612.234715009,0.1017050537633324
44770380.0,판교면,29816741.55849855,1617222.8747777422,0.054238752802845805
44770390.0,종천면,14886987.491195485,346091.080258751,0.023247892191985614
44770400.0,비인면,18780324.294420827,789071.8300557601,0.04201587883603128
44770410.0,서면,7207120.070876166,398404.380284204,0.055279276100053946
44790250.0,청양읍,22751401.382379945,2045063.716608597,0.08988737362756113
44790310.0,운곡면,38458303.02552778,3385574.550492903,0.08803234371120412
44790320.0,대치면,65425422.01596612,5469505.928356944,0.08359909282697772
44790330.0,정산면,46508020.00219757,6731754.320778867,0.14474394567777304
44790340.0,목면,22017907.39277778,4028739.436314583,0.18297558275842657
44790350.0,청남면,15752750.711161574,2456087.486700275,0.15591483238289425
44790360.0,장평면,35109173.079291984,7095250.872379416,0.2020910847531274
44790370.0,남양면,45351068.1110576,5657772.008931426,0.12475498912344107
44790380.0,화성면,31048189.219086945,1365573.409946594,0.04398238494073286
44790390.0,비봉면,24820645.56431361,4007419.4163016058,0.1614550840717598
44800250.0,홍성읍,8344689.0507805655,359080.30085352,0.04303099835936145
44800253.0,광천읍,14959239.35287026,426269.8321790001,0.028495421600244056
44800256.0,홍북읍,12847274.544654174,341977.980440288,0.02661871817650126
44800320.0,금마면,11414580.37233857,434104.76761766,0.03803072504265196
44800330.0,홍동면,13629285.244181061,577376.947085973,0.04236296597669936
44800340.0,장곡면,31278964.241032075,1326679.276811393,0.04241442480601839
44800350.0,은하면,13130534.306599641,512002.81478558294,0.038993296299316714
44800360.0,결성면,11777973.636171332,499794.82085820206,0.042434703650828555
44800370.0,서부면,23314493.93345034,468055.62418359,0.0200757359571957
44800380.0,갈산면,23642214.79545722,430122.53401485,0.018192988166975656
44800390.0,구항면,19160340.777477663,903768.3513992999,0.04716869923637523
44810250.0,예산읍,23217509.397705786,341790.11804247,0.01472122234076682
44810253.0,삽교읍,4626979.575659914,20972.76525066,0.004532711871257569
44810310.0,대술면,46961776.9984528,1754685.026107046,0.037364110522582136
44810320.0,신양면,41049916.609643444,4226466.800852412,0.10295920552149261
44810330.0,광시면,34643769.856341965,5072414.434884829,0.14641635295231192
44810340.0,대흥면,21533399.10242626,1141273.0212305202,0.053000133225688834
44810350.0,응봉면,9764440.659228692,808823.9910399489,0.08283362245388863
44810360.0,덕산면,43073017.04371364,820026.549827561,0.019038056911484476
44810370.0,봉산면,19032192.890774895,589728.254065327,0.030985827931114263
44810380.0,고덕면,3209201.216901148,76098.01442975,0.023712447206171557
44810390.0,신암면,1503271.199615043,5301.34755236,0.0035265410218179973
44810400.0,오가면,906594.007439008,50605.19638446999,0.055819028108758495
44825250.0,태안읍,18535455.94542155,153427.48733859,0.00827751352814648
44825253.0,안면읍,35612844.54218851,349554.27065955003,0.009815398774042128
44825310.0,고남면,10125968.102628091,76625.12924604,0.007567190462130009
44825320.0,남면,10680916.502306342,102735.679513689,0.009618620227159829
44825330.0,근흥면,22877557.6460133,134689.55319305003,0.00588740962987023
44825340.0,소원면,34526241.10442788,651548.58219694,0.01887111256120438
44825350.0,원북면,38625655.18891431,887813.82762559,0.022985081373594295
44825360.0,이원면,25276379.62200822,519826.45979638,0.020565700767675034
46110101.0,용당동,142871.199857289,0.0,0.0
46110102.0,산정동,228274.097618089,0.0,0.0
46110103.0,연산동,378408.936655041,0.0,0.0
46110113.0,무안동,10404.9248088,0.0,0.0
46110114.0,측후동,10404.9248088,0.0,0.0
46110134.0,대의동2가,10404.9248088,0.0,0.0
46110156.0,온금동,230381.80745007,0.0,0.0
46110157.0,죽교동,948047.244428352,5707.88960943,0.006020680554661292
46110158.0,상동,1529556.354150659,0.0,0.0
46110159.0,용해동,1480791.921695729,0.0,0.0
46110160.0,석현동,1582390.585360239,0.0,0.0
46110161.0,달동,2630908.498920118,1078.61777636,0.0004099792055872446
46110162.0,율도동,1381780.384080148,0.0,0.0
46110163.0,대양동,2040793.0646040526,0.0,0.0
46110164.0,옥암동,1058392.06816874,0.0,0.0
46130101.0,종화동,41927.78564698,0.0,0.0
46130102.0,수정동,89528.94071404,0.0,0.0
46130106.0,동산동,210570.6024258,0.0,0.0
46130107.0,중앙동,16583.4762362,0.0,0.0
46130109.0,군자동,165640.571801101,0.0,0.0
46130110.0,충무동,3253.07362908,0.0,0.0
46130111.0,연등동,808956.33954067,0.0,0.0
46130112.0,광무동,902394.943620998,0.0,0.0
46130114.0,봉강동,403512.66701946,0.0,0.0
46130115.0,봉산동,916165.138655556,0.0,0.0
46130116.0,남산동,53175.0097924,0.0,0.0
46130117.0,국동,1066102.04559394,0.0,0.0
46130118.0,신월동,1155931.3638732568,1941.46797419,0.001679570288398952
46130119.0,여서동,1682275.488867146,0.0,0.0
46130120.0,문수동,1318686.544150442,1308.89521804,0.0009925749404558078
46130121.0,오림동,2031332.840351787,1022.23966898,0.0005032359289790088
46130122.0,미평동,2644872.909181094,0.0,0.0
46130123.0,둔덕동,3722056.029854778,3449.50811232,0.0009267749020034467
46130124.0,오천동,5712966.779839839,0.0,0.0
46130125.0,만흥동,6480410.333152653,4379.49128233,0.0006758046261245656
46130126.0,덕충동,1753392.511769697,1669.62786874,0.0009522271011952973
46130127.0,경호동,691417.31799751,0.0,0.0
46130128.0,학동,61924.673412742995,0.0,0.0
46130129.0,학용동,1347495.267985208,0.0,0.0
46130130.0,안산동,590765.234089239,0.0,0.0
46130131.0,소호동,1969083.604203022,5283.6443901,0.0026833011959583766
46130132.0,시전동,1474276.154327376,32340.2010102,0.02193632510115101
46130133.0,신기동,80138.9221788,0.0,0.0
46130134.0,웅천동,964008.605535379,34374.77335027,0.035658160262147624
46130135.0,선원동,670690.258218164,0.0,0.0
46130136.0,여천동,1502131.718096907,0.0,0.0
46130137.0,화장동,1247331.974365221,0.0,0.0
46130138.0,주삼동,2361599.4409530773,5526.70115591,0.00234023647705454
46130139.0,봉계동,4415545.700017928,0.0,0.0
46130140.0,해산동,890329.667782929,30931.001654599997,0.03474106589261863
46130141.0,화치동,1432697.598334847,60865.63635344,0.04248324030429108
46130142.0,월하동,1502170.371474114,0.0,0.0
46130143.0,평여동,5773102.306356021,0.0,0.0
46130144.0,중흥동,8116582.990431917,11993.5710456,0.0014776625902474475
46130145.0,적량동,3281819.034904445,0.0,0.0
46130146.0,월내동,2374970.49566348,257786.44716449996,0.10854301038063374
46130147.0,묘도동,4527580.3430801155,16335.185539,0.0036079283637597834
46130148.0,낙포동,4971142.365408329,0.0,0.0
46130149.0,신덕동,6453929.073742214,108894.86593209,0.016872646830769857
46130150.0,상암동,6755328.564744306,163470.75472574,0.024198786655453743
46130151.0,호명동,12110660.479738394,0.0,0.0
46130250.0,돌산읍,43426089.92304071,190376.51443249403,0.0043839202371173044
46130310.0,소라면,33857896.78034718,198693.366979106,0.005868449781985205
46130320.0,율촌면,27127073.762450226,139084.47635471102,0.005127146317832268
46130330.0,화양면,40886231.47835889,78889.43052397999,0.0019294864718881275
46130340.0,남면,30081966.35546588,20554.82579476,0.0006832939559825416
46130350.0,화정면,16164783.227464035,21996.154183990002,0.0013607453854759055
46130360.0,삼산면,19662205.630282585,0.0,0.0
46150101.0,삼거동,11543432.342476232,740742.5022441,0.06417003888162436
46150102.0,와룡동,10432100.635054622,1556845.02727881,0.1492360054548744
46150104.0,옥천동,853929.4021716571,14663.51023985,0.017171806243652842
46150106.0,금곡동,2272124.419933482,0.0,0.0
46150107.0,매곡동,1323297.591870133,4617.14631703,0.0034891216801089153
46150108.0,석현동,12045990.77242275,138572.67970305,0.011503634887409063
46150109.0,가곡동,3593606.910181355,91343.48133560999,0.025418328609291396
46150110.0,용당동,2904943.697653878,12276.26878791,0.004225991986634609
46150111.0,조곡동,1340497.70821806,69524.03674904999,0.051864345849176534
46150112.0,생목동,548222.6751074881,67223.73930861,0.12262123104526766
46150113.0,덕암동,3065.79401746,0.0,0.0
46150114.0,연향동,428267.975221038,29392.770257739998,0.06863172583140213
46150116.0,남정동,1579845.62861449,70664.28961929,0.04472860407333717
46150117.0,인제동,1720909.97499515,29011.90423994,0.016858467125813344
46150118.0,저전동,997447.882181474,22686.20855386,0.022744254571220302
46150123.0,교량동,18979.91439469,0.0,0.0
46150124.0,대룡동,1550877.062869386,129869.38779902001,0.08373931816280755
46150125.0,홍내동,180359.042612262,1582.97556866,0.008776801793426567
46150126.0,오천동,273173.709008125,0.0,0.0
46150127.0,덕월동,2934636.1289518583,53237.60911166,0.01814112781698577
46150128.0,야흥동,1000531.095204729,94750.40067441999,0.09470010590228796
46150129.0,인월동,1549662.896440683,42557.688068389994,0.02746254567115074
46150130.0,안풍동,1265403.728874787,31726.213517550004,0.025072008872426315
46150131.0,대대동,699597.323873449,47113.9645939,0.06734440368217089
46150132.0,왕지동,2699734.066425098,38180.375467330006,0.014142272730546104
46150133.0,조례동,2937459.401498199,68765.49609336999,0.02340985412710636
46150250.0,승주읍,82029581.30218318,7894274.145832894,0.09623691868853647
46150310.0,해룡면,14911962.19918291,221145.85010535904,0.014830097283741543
46150320.0,서면,89281593.4810726,4054894.746717293,0.045416917290761805
46150330.0,황전면,84899950.7753861,6446622.687111624,0.07593199558109293
46150340.0,월등면,39377573.858294256,2058698.0843759333,0.0522809782995887
46150350.0,주암면,73545741.95612447,2048164.0118382962,0.02784884559408183
46150360.0,송광면,97274706.69175658,4640323.537511698,0.0477032899437664
46150370.0,외서면,30982040.562360242,2122303.39849742,0.0685010851440103
46150380.0,낙안면,48372323.85327448,5529832.344160472,0.11431810390035954
46150390.0,별량면,39338160.06823754,1924719.873838337,0.04892755203852038
46150400.0,상사면,46894968.56679553,5787632.041989795,0.1234169084418107
46170101.0,토계동,11537.356236849999,0.0,0.0
46170102.0,송월동,641631.64272138,0.0,0.0
46170103.0,안창동,3402932.118536287,23057.17445908,0.006775678637103596
46170104.0,삼영동,1508961.439545226,0.0,0.0
46170105.0,교동,50931.861537280005,0.0,0.0
46170108.0,경현동,5264702.289950742,0.0,0.0
46170109.0,보산동,4194678.612368959,0.0,0.0
46170112.0,남내동,9921.536645249998,0.0,0.0
46170114.0,성북동,1545.59769647,0.0,0.0
46170116.0,대호동,1956626.492944592,0.0,0.0
46170117.0,송촌동,101055.444750872,0.0,0.0
46170118.0,석현동,117422.60923455699,0.0,0.0
46170119.0,청동,365249.96122626,0.0,0.0
46170122.0,삼도동,13161.43620769,0.0,0.0
46170123.0,영산동,1820.048732379,0.0,0.0
46170124.0,용산동,85644.03558826,0.0,0.0
46170125.0,관정동,73668.49308667,0.0,0.0
46170126.0,평산동,575098.012953677,0.0,0.0
46170127.0,부덕동,259639.553737651,3845.92662792,0.014812560615498748
46170128.0,이창동,40013.1723381,0.0,0.0
46170129.0,대기동,250927.247011368,0.0,0.0
46170130.0,운곡동,1822656.178910044,0.0,0.0
46170131.0,동수동,815331.93871218,0.0,0.0
46170132.0,오량동,508104.810666494,0.0,0.0
46170133.0,진포동,974557.6703866951,0.0,0.0
46170134.0,빛가람동,89355.21820329,0.0,0.0
46170250.0,남평읍,32537591.173089355,361149.54119270004,0.011099455373678478
46170310.0,세지면,6696181.267273989,244036.24742667997,0.036444092190178565
46170320.0,왕곡면,4858821.825925521,4726.28242135,0.000972721904748941
46170330.0,반남면,2528364.483015449,0.0,0.0
46170340.0,공산면,7108410.616585104,10734.5533451,0.001510120042876322
46170350.0,동강면,8274997.043988009,66988.22836744,0.0080952570751803
46170360.0,다시면,29062455.45522081,733165.69547952,0.02522724539257103
46170370.0,문평면,33231571.807297595,610118.82785291,0.01835961390544064
46170380.0,노안면,10366466.596507512,89945.53858409,0.008676585965597273
46170390.0,금천면,660151.072748656,0.0,0.0
46170400.0,산포면,1765029.983843082,0.0,0.0
46170420.0,다도면,56434787.849539176,198827.1912664,0.0035231317214568666
46170430.0,봉황면,24261521.49052476,531083.0193509,0.021889930504082864
46230101.0,황금동,3983261.1450624713,0.0,0.0
46230102.0,황길동,4939494.047694478,78682.42078527999,0.015929247009014054
46230103.0,도이동,1821430.37909959,1616.20436542,0.000887327006272377
46230104.0,성황동,10370190.064008258,309637.95872879,0.029858465160002047
46230105.0,중군동,6760640.404530432,1050014.24056754,0.15531283691170822
46230106.0,중동,512053.356338646,1689.47721297,0.0032994163441293135
46230107.0,마동,3879781.370383766,0.0,0.0
46230108.0,광영동,2448106.099310266,41119.86295883,0.016796601654811935
46230109.0,태인동,794506.970124708,4363.10599524,0.005491589324326702
46230110.0,금호동,766811.175511796,9726.231497598,0.012683998105669732
46230250.0,광양읍,25942900.679381605,2214828.751313693,0.0853732116807567
46230310.0,봉강면,54516930.55655457,3544171.697762091,0.06501047769161272
46230320.0,옥룡면,63972249.083840795,4809881.720894088,0.0751870035801047
46230330.0,옥곡면,32203162.94626986,6240121.883831713,0.19377357106950005
46230340.0,진상면,59564428.36972147,7614534.730739386,0.12783694797632106
46230350.0,진월면,18865777.376339626,5330370.171285559,0.28254177206451103
46230360.0,다압면,55653403.23945422,11087526.823795354,0.1992245968515202
46710250.0,담양읍,10650200.349741135,91942.50794546,0.008632936933218798
46710310.0,봉산면,4950744.218665098,66281.97531626999,0.013388285152437555
46710320.0,고서면,11112217.718770962,122189.94465463696,0.010995999875725209
46710335.0,가사문학면,40983159.98706046,1001493.87370808,0.02443671678865856
46710340.0,창평면,23651325.12227312,304882.10681573,0.0128906987341954
46710350.0,대덕면,46425917.181297496,417615.2530292001,0.008995304312424759
46710360.0,무정면,29317834.836213056,205349.49217372,0.0070042516209305695
46710370.0,금성면,24152463.69694463,482944.879443094,0.0199956776874977
46710380.0,용면,50742879.61278363,297667.572929265,0.005866193940918436
46710390.0,월산면,41095395.80194811,296572.64077889,0.007216687781963913
46710400.0,수북면,15039206.244785419,419271.16680728004,0.0278785435868768
46710410.0,대전면,16751329.211785264,200552.130997,0.01197231147817829
46720250.0,곡성읍,37242009.05179931,486025.5859539,0.01305046635045641
46720310.0,오곡면,55662059.11894967,1549919.5948979629,0.02784517172794109
46720320.0,삼기면,32254914.872817703,1623424.70796759,0.05033108022045051
46720330.0,석곡면,46425969.380971156,1655238.36148587,0.03565328594224919
46720340.0,목사동면,35951812.44397087,903960.0566583801,0.02514365744612062
46720350.0,죽곡면,99311731.58914724,3118296.08514018,0.03139907073658301
46720360.0,고달면,34200085.62218465,474233.600768289,0.013866444838976274
46720370.0,옥과면,15899012.237453708,396284.17985793296,0.02492508175598458
46720380.0,입면,19725350.569293506,186463.54943969997,0.00945299039348726
46720390.0,겸면,26605717.42881099,1385295.5048136741,0.052067586920755436
46720400.0,오산면,39519012.75541269,943626.75063877,0.023877791595629548
46730250.0,구례읍,30533932.04797534,2522369.287863763,0.08260872801775354
46730310.0,문척면,32122432.56780317,2379993.60192088,0.0740913253346319
46730320.0,간전면,69909574.16162233,5932121.40090053,0.08485420590870994
46730330.0,토지면,88138818.35197516,6894431.381871685,0.07822241676010833
46730340.0,마산면,27275449.85341647,167576.67406166001,0.006143864719454653
46730350.0,광의면,25198239.429858632,407288.361499521,0.016163365803124524
46730360.0,용방면,17336154.03731002,1619809.7480776121,0.09343535738039344
46730370.0,산동면,88279370.08215545,6499384.440171759,0.07362291364475342
46770250.0,고흥읍,24182696.339610483,211534.96016512002,0.008747368663709867
46770253.0,도양읍,17080412.153665047,349800.66746804805,0.020479638566156567
46770310.0,풍양면,27147564.352707494,454990.40298972,0.016759897760196034
46770320.0,도덕면,9416068.323035806,296575.8937884141,0.03149678651575416
46770330.0,금산면,43723464.22280786,119587.93353909999,0.002735097405130087
46770340.0,도화면,46033141.9682881,391266.14624894,0.008499661972204295
46770350.0,포두면,65593639.305752225,905627.20890286,0.013806631534521992
46770360.0,봉래면,21451993.092569385,0.0,0.0
46770370.0,점암면,44681464.86359252,354910.94220984,0.007943135778859156
46770380.0,과역면,20807597.116938252,571100.3994293899,0.02744672516580448
46770390.0,남양면,16721484.737026349,825532.0277948531,0.049369541089068436
46770400.0,동강면,20733987.33690563,661055.18144187,0.03188268472920399
46770410.0,대서면,13701462.751641124,563945.6558681901,0.04115952187664359
46770420.0,두원면,33782596.65275193,723118.0216051199,0.02140504559308986
46770440.0,영남면,37214241.84362423,304551.30383535,0.008183729904134204
46770450.0,동일면,13076179.32856448,33272.610826891,0.0025445208413598375
46780250.0,보성읍,30194027.7988272,1136873.998178373,0.037652280303674214
46780253.0,벌교읍,60730685.045089066,3652767.1316704787,0.0601469772481326
46780310.0,노동면,39590248.03906045,1614047.417233634,0.04076881295720062
46780320.0,미력면,21517544.785799965,879343.2224902931,0.040866336342917545
46780330.0,겸백면,38060559.49718392,1427848.32421435,0.03751516906418561
46780340.0,율어면,38621079.3367826,1203544.13562385,0.031162881936279762
46780350.0,복내면,56499587.84424311,544658.90256842,0.009640050898599905
46780360.0,문덕면,50183580.33145914,1236877.4598663598,0.024647054907140305
46780370.0,조성면,20427933.42810653,734103.7969417501,0.03593627321752019
46780380.0,득량면,46862183.502851166,821049.15521644,0.017520505743538094
46780390.0,회천면,37001937.070799306,1350649.7255809128,0.03650213563134781
46780400.0,웅치면,34071798.07013741,273864.58789403003,0.00803786719239985
46790250.0,화순읍,51092014.17017845,1079432.2972911901,0.021127221442000552
46790310.0,한천면,62811919.65317282,747236.33484276,0.011896409773316246
46790320.0,춘양면,39482227.79527097,202053.0375941,0.005117569318575816
46790330.0,청풍면,43898208.15537892,1224189.9585861498,0.027887014300289788
46790340.0,이양면,81196666.55831137,3238396.16023582,0.03988336341258746
46790350.0,능주면,5501486.253837494,13994.05664541,0.002543686560272439
46790360.0,도곡면,24240629.511171114,66329.29828111999,0.002736286128648294
46790370.0,도암면,45324849.12025063,160961.10675148002,0.0035512772767193708
46790380.0,이서면,46101673.68203478,1056967.85554531,0.022926886837889283
46790395.0,백아면,75710013.76253892,1382888.9400241699,0.018265601487823517
46790400.0,동복면,58929041.48794665,1435710.22751849,0.024363373156377408
46790415.0,사평면,76361327.24957119,2755775.9331656196,0.036088633244403104
46790420.0,동면,56614253.392875314,1200415.54356433,0.02120341559984959
46800250.0,장흥읍,36731478.17508171,396533.538403347,0.010795469120879314
46800253.0,관산읍,42581052.810181476,486441.43827453,0.011423894107151288
46800256.0,대덕읍,39413705.86775954,893221.6167867011,0.022662715852795702
46800310.0,용산면,56393606.44794096,1306495.63050613,0.0231674424247402
46800320.0,안양면,35782381.86942234,1077671.881787,0.030117388096735934
46800330.0,장동면,35798832.68966152,824902.45515187,0.023042719361910838
46800340.0,장평면,60673756.761344545,767422.7960425799,0.012648348099841208
46800350.0,유치면,111113298.93397968,740456.67367688,0.006663978846644073
46800360.0,부산면,30411934.126562253,261156.23758356,0.008587294596152045
46800370.0,회진면,10680784.128525779,163274.4159232,0.015286744302521171
46810250.0,강진읍,27752593.270570826,318411.98873802,0.011473233713105572
46810310.0,군동면,37844107.898034595,183859.59047963,0.0048583412502419855
46810320.0,칠량면,44824736.86732719,1319056.5964041422,0.029426979132265788
46810330.0,대구면,27736407.896462906,465805.54948577,0.016794011366741256
46810340.0,도암면,38313214.66290641,427173.18261923,0.011149499888684753
46810350.0,신전면,15640114.035472076,163527.926854436,0.010455673563731796
46810360.0,성전면,42428968.91992378,211087.54353891005,0.004975080679836828
46810370.0,작천면,25553700.42603588,154482.06973684998,0.006045389401976903
46810380.0,병영면,18760596.981412273,216887.10742919,0.011560778563927288
46810390.0,옴천면,25337843.166156944,262725.33291804,0.010368890958680925
46810400.0,마량면,12929950.763904225,119805.07636833,0.009265702442021876
46820250.0,해남읍,28004785.880783737,106988.040744064,0.0038203484647056996
46820310.0,삼산면,33593263.610823415,101821.5867938,0.003031012049719221
46820320.0,화산면,21592741.4158797,553949.58830024,0.02565443533227584
46820330.0,현산면,66441105.29147791,2164335.1555707837,0.03257524308296528
46820340.0,송지면,45781377.798134536,918096.98850835,0.0200539396729506
46820350.0,북평면,35063957.06753959,200853.46675147003,0.005728203076583443
46820360.0,북일면,19411946.592892986,66397.77615394999,0.0034204594493505995
46820370.0,옥천면,36230768.10536645,1213703.1069176602,0.033499237537221525
46820380.0,계곡면,49513534.90225977,736454.75261082,0.014873806809887223
46820390.0,마산면,24381986.645597503,695221.8342345611,0.02851374846274443
46820400.0,황산면,24913420.390507348,311565.85546971,0.012505944610818056
46820410.0,산이면,3769584.851082942,0.0,0.0
46820420.0,문내면,11943866.623020165,40840.71866829,0.0034193883737428142
46820430.0,화원면,44796175.22759924,38504.361605729995,0.0008595457404588235
46830250.0,영암읍,37371329.23424058,659864.9545947999,0.017656983792543685
46830253.0,삼호읍,11892459.269893525,5874.76594668,0.000493990840191677
46830310.0,덕진면,7314352.16757913,48786.413254570005,0.006669956837847623
46830320.0,금정면,53303900.2192779,1210541.17434068,0.022710180106161826
46830330.0,신북면,13067223.776766498,148398.48537302,0.011356542744517183
46830340.0,시종면,2195177.390532447,16297.215038802,0.0074240993502803256
46830350.0,도포면,1564151.734505615,0.0,0.0
46830360.0,군서면,19835579.52025832,24277.96786424,0.0012239606026859268
46830370.0,서호면,20654601.20919631,73119.14661102,0.0035400899717426756
46830380.0,학산면,42391039.95693122,14010.02514891,0.0003304949622171104
46830390.0,미암면,11751025.148653777,3367.18387136,0.0002865438401130264
46840250.0,무안읍,16833002.264777746,280493.20923205995,0.0166632906489283
46840253.0,일로읍,14831979.470285263,202270.94107079197,0.013637487934501686
46840256.0,삼향읍,18281755.08203133,306557.738292398,0.016768507012420584
46840320.0,몽탄면,36260356.52887578,274761.51846074004,0.007577463234315825
46840330.0,청계면,29194728.127003722,179868.80744782998,0.006161002995655917
46840340.0,현경면,6834965.104478695,47505.142427540006,0.006950312357324498
46840350.0,망운면,363188.907587453,9253.69251495,0.0254790064388786
46840360.0,해제면,11940115.88067671,271504.135725625,0.022738819157108334
46840370.0,운남면,1310622.526061765,8120.53895482,0.006195940320987058
46860250.0,함평읍,11693728.042679662,188637.711498393,0.016131528868287753
46860310.0,손불면,22859401.28576983,284708.35267562,0.012454759821415504
46860320.0,신광면,27256435.866825975,236887.42031205,0.00869106369847745
46860330.0,학교면,18450498.485255983,355257.40452175005,0.019254623651802177
46860340.0,엄다면,5363527.931997421,107515.47313053001,0.020045662946793004
46860350.0,대동면,36787576.46282,343776.23143261997,0.009344900221412067
46860360.0,나산면,37095856.6696735,2688441.914595436,0.07247283540410278
46860370.0,해보면,26578387.24004213,710060.6840920801,0.02671571746167976
46860380.0,월야면,9313950.767798012,505765.00765595585,0.05430187685816251
46870250.0,영광읍,8851639.965249,96626.3947892,0.010916213850602752
46870253.0,백수읍,38014912.47186556,75468.89766838,0.0019852445464456545
46870256.0,홍농읍,15808870.898618527,25224.02770842,0.0015955616229761372
46870310.0,대마면,15589691.184484702,225775.28918051,0.014482345192649352
46870320.0,묘량면,31915297.250028756,67963.50837259,0.0021294963302442302
46870330.0,불갑면,27409750.064643864,546539.5988123199,0.019939605342016865
46870340.0,군서면,4857809.770679844,120314.55108168001,0.02476724218553378
46870350.0,군남면,27011003.226541616,223457.71882438002,0.008272840403232616
46870360.0,염산면,22905626.461838204,231974.32431993002,0.010127394887295905
46870370.0,법성면,8758644.035260886,68379.61463856,0.007807100546988178
46870380.0,낙월면,10148596.104928818,0.0,0.0
46880250.0,장성읍,53113012.94117571,777565.59796917,0.014639832216454143
46880310.0,진원면,14461711.71903841,50454.13320855,0.0034888078388486095
46880320.0,남면,6595303.00323086,48349.75082399,0.007330937001727557
46880330.0,동화면,17454397.079994824,391448.67877761,0.022426937864629244
46880340.0,삼서면,22744472.269949395,157088.66408884,0.006906674387710009
46880350.0,삼계면,47349422.646168746,154303.12053606997,0.0032588173606495985
46880360.0,황룡면,32215687.14588119,89564.38965399002,0.0027801483559366175
46880370.0,서삼면,26555425.66944527,220485.96583204,0.00830285940721077
46880380.0,북일면,25363087.40954485,217218.623365,0.008564360476211364
46880390.0,북이면,42390467.936349414,497380.8736271501,0.011733318782278665
46880400.0,북하면,77607234.80242628,435451.314521172,0.005610962890634499
46890250.0,완도읍,37480720.57951534,663070.154253909,0.01769096602204341
46890253.0,금일읍,18118358.38835535,39399.876869219996,0.0021745831506756294
46890256.0,노화읍,17202927.104515847,252895.30465972002,0.014700713612472022
46890310.0,군외면,40436370.07671474,257188.269862729,0.006360320408948644
46890320.0,신지면,18468857.530862622,164020.005116439,0.008880896116197292
46890330.0,고금면,22171325.59602405,283660.686554052,0.012794033686687656
46890340.0,약산면,15781852.008753004,150866.40565598,0.009559486780911756
46890350.0,청산면,30171601.66204051,0.0,0.0
46890360.0,소안면,20408994.86214105,0.0,0.0
46890370.0,금당면,10499894.973584492,0.0,0.0
46890380.0,보길면,27934791.30575096,2935.06261204,0.00010506835651339756
46890390.0,생일면,11968648.096279876,0.0,0.0
46900250.0,진도읍,20562703.211238388,199513.509991,0.009702688792490931
46900310.0,군내면,28888515.40739633,230629.90029078998,0.007983445914002966
46900320.0,고군면,32872416.03556367,329195.70215886,0.010014344604385425
46900330.0,의신면,44863945.399135895,124392.15565477,0.0027726530635704158
46900340.0,임회면,45193493.74483644,156638.53279942,0.003465953167591002
46900350.0,지산면,46454557.67347007,993551.3984250401,0.02138759786302844
46900360.0,조도면,41745419.74394112,7862.0439326,0.00018833309093127724
46910250.0,지도읍,25931390.483078536,147263.716081921,0.005678974915672863
46910253.0,압해읍,20483993.81594863,45630.209163422995,0.002227603150704711
46910310.0,증도면,12479918.752757255,53995.98924333,0.004326629869397217
46910320.0,임자면,22552474.07585324,32141.515727432998,0.001425188013489246
46910330.0,자은면,24626293.066661514,58922.90149601,0.002392682542050083
46910340.0,비금면,20395757.737170376,147977.034859424,0.007255284984570214
46910350.0,도초면,28479290.838353086,81838.62578465,0.0028736188077561906
46910360.0,흑산면,40837305.23245183,0.0,0.0
46910370.0,하의면,19513450.625560213,16207.95482182,0.0008306042397539663
46910380.0,신의면,17108692.22423043,34879.34428452,0.0020386914340022803
46910390.0,장산면,11817163.06321858,3773.30628867,0.0003193072879238313
46910400.0,안좌면,21915613.49687197,5085.87572218,0.00023206631760073291
46910410.0,팔금면,6287572.363462209,33370.0630563,0.00530730481134773
46910420.0,암태면,24549505.929478638,30509.531025451,0.0012427757655528076
47111104.0,송도동,163238.195842081,0.0,0.0
47111105.0,청림동,1392070.90832067,0.0,0.0
47111106.0,일월동,3804298.0061285,0.0,0.0
47111109.0,괴동동,317925.712279285,3264.62529313,0.010268516093665797
47111110.0,동촌동,533758.57960015,0.0,0.0
47111111.0,장흥동,898927.444926987,0.0,0.0
47111112.0,인덕동,170254.236196537,16851.79316298,0.09898016953614437
47111113.0,호동,1316927.692629732,24804.766326060002,0.01883532897431
47111114.0,효자동,432382.127360153,1361.85158343,0.0031496481867661578
47111115.0,지곡동,2118634.162669236,33202.45017556,0.015671629751183056
47111116.0,대잠동,846652.178155095,13846.75166696,0.016354710971313968
47111117.0,이동,1798013.514418757,1781.86612465,0.0009910193167964162
47111250.0,구룡포읍,35152219.65826964,489574.86561363994,0.013927281701497514
47111253.0,연일읍,21590726.39227167,668849.054708884,0.030978534142709357
47111256.0,오천읍,62511559.20908958,69182.91150996,0.0011067218988820289
47111310.0,대송면,27224877.248781223,152877.012805884,0.005615342593058996
47111320.0,동해면,35208094.8254532,606035.50425705,0.01721295932828848
47111330.0,장기면,81262348.38965784,403645.03876929794,0.0049671840251748044
47111350.0,호미곶면,16533445.570835626,67019.107851004,0.0040535475538881725
47113102.0,신흥동,55557.1498013,0.0,0.0
47113107.0,덕산동,45096.39815259,0.0,0.0
47113108.0,덕수동,179785.234027914,0.0,0.0
47113112.0,학산동,139972.14802021,1740.30943204,0.012433255162939444
47113114.0,득량동,683189.303405471,12592.9669022,0.018432617196183044
47113115.0,학잠동,974086.203326135,0.0,0.0
47113117.0,용흥동,2679744.421463535,14383.19236235,0.005367374682132805
47113118.0,우현동,2781067.90416696,9038.76478343,0.0032501057489056416
47113119.0,창포동,2133112.345267904,9214.59640101,0.004319789542004977
47113120.0,두호동,337223.095987009,7731.35188524,0.02292651949775658
47113121.0,장성동,2011598.784529818,3931.87706189,0.0019546030213022916
47113122.0,양덕동,3685972.5510425703,3931.87706189,0.0010667136033820643
47113123.0,환호동,683622.257666002,6491.81203638,0.009496197590968009
47113124.0,여남동,553992.202010639,3546.63186299,0.006401952681135193
47113250.0,흥해읍,53669999.376853645,661779.70919188,0.01233053320058891
47113310.0,신광면,61797812.09544315,669747.5104293161,0.010837722044187094
47113320.0,청하면,58271830.08246266,213888.44728918996,0.0036705290873224397
47113330.0,송라면,49856581.20583989,201290.785693133,0.004037396484569925
47113340.0,기계면,71586589.41128163,340861.47793762,0.004761526994662246
47113350.0,죽장면,235477216.36204064,1294475.57005511,0.0054972433853850405
47113360.0,기북면,49518918.25282525,50602.27086463,0.0010218775500359994
47130110.0,황남동,51295.67535694,0.0,0.0
47130111.0,교동,184622.16300334,3204.29180132,0.017355943345014495
47130112.0,인왕동,1458157.063939369,21187.0518937,0.014530020405662534
47130113.0,탑동,1296531.2189698222,0.0,0.0
47130114.0,충효동,7826405.86032991,450254.930490525,0.05753023016257748
47130115.0,서악동,2366689.02185777,14949.1281646,0.006316473362801779
47130116.0,효현동,4301596.726552595,13603.65077974,0.003162465392389839
47130117.0,광명동,7052151.51249258,128251.50797075,0.01818615322480778
47130118.0,동방동,1721119.848092719,51935.45509848,0.030175385610730677
47130119.0,도지동,1876147.713788819,20719.4749776,0.011043626695979974
47130120.0,남산동,10116867.591710763,0.0,0.0
47130121.0,배반동,2699876.560158917,430.875829364,0.00015959093675698948
47130122.0,구황동,127763.583679402,0.0,0.0
47130123.0,보문동,2690010.007020489,1307.90436626,0.0004862079928500571
47130124.0,황성동,219346.01434758998,0.0,0.0
47130125.0,용강동,3303141.370966963,13148.01238693,0.003980457058996856
47130126.0,동천동,2799813.84853739,2923.33319925,0.0010441169868407986
47130127.0,평동,3181340.32102118,5416.84440846,0.001702692532662222
47130128.0,조양동,1672120.1362724039,35416.490234749996,0.021180589520142182
47130129.0,시동,4691919.7621675255,5416.84440846,0.0011545049112173182
47130130.0,시래동,932835.685831123,0.0,0.0
47130131.0,구정동,2245610.129152734,14431.53687646,0.006426554943401953
47130132.0,마동,2522131.757180477,12448.0545172,0.004935529034817689
47130133.0,하동,6972990.3506532665,12448.0545172,0.0017851816639949604
47130134.0,진현동,4056335.949668347,7525.9188485899995,0.0018553490001747344
47130135.0,천군동,9808373.262279933,45998.52213145,0.004689719783437131
47130136.0,신평동,2686860.631662838,23648.033936521002,0.008801362325177902
47130137.0,덕동,9331772.96951766,0.0,0.0
47130138.0,암곡동,27064965.34594342,2817.7137709500003,0.00010410926949043102
47130139.0,황용동,22235066.92455367,15386.05523005,0.000691972517207022
47130140.0,북군동,4409333.4321194105,34167.4977874,0.007748903164934137
47130141.0,손곡동,3131045.096821837,1146.41085397,0.0003661431945306897
47130142.0,율동,4474485.106067063,298099.58666123,0.06662209831853715
47130143.0,배동,4368665.811855062,0.0,0.0
47130144.0,석장동,3183356.6047157953,86829.67039606,0.02727613685109338
47130250.0,감포읍,35435957.92498129,303380.94020253,0.008561386737302099
47130253.0,안강읍,94122781.56094085,677862.545204066,0.007201896649911226
47130256.0,건천읍,67935455.16170317,1092434.08946358,0.016080470600562207
47130259.0,외동읍,56679666.50512755,509927.07788928994,0.00899664922769366
47130315.0,문무대왕면,105995656.6118951,12161.466996480001,0.00011473552205077062
47130320.0,양남면,64637676.103622,436191.52704069007,0.006748255094156269
47130330.0,내남면,96169157.80928689,144753.231609383,0.0015051939198265955
47130340.0,산내면,129573741.51329668,540269.078172268,0.004169587694716883
47130350.0,서면,38511994.76308753,556093.556532328,0.01443948982526673
47130360.0,현곡면,39735685.573086,879201.4129569291,0.022126242451254816
47130370.0,강동면,49040272.86592036,1067546.7815107538,0.0217687773563068
47130380.0,천북면,32566389.219424848,316128.89327527303,0.009707213506086573
47150103.0,모암동,73873.71085016099,0.0,0.0
47150104.0,성내동,68361.72819651,0.0,0.0
47150105.0,평화동,121258.75111299001,12789.3937429,0.10547192367982354
47150106.0,남산동,1187050.4607045199,0.0,0.0
47150107.0,황금동,990203.11933892,0.0,0.0
47150108.0,신음동,2028369.760700368,113369.67783554002,0.05589201733928188
47150109.0,교동,2327758.759350991,72213.94882515,0.031022952243248858
47150110.0,삼락동,1184670.103857985,62838.74929299,0.05304324730433388
47150111.0,문당동,4104800.292998321,237817.52233789003,0.057936441571479716
47150112.0,다수동,1317440.208534263,0.0,0.0
47150113.0,백옥동,5827137.860820327,104183.76415814,0.017879062868691648
47150114.0,부곡동,4024892.1875107097,54613.83873131,0.013569019041249707
47150115.0,지좌동,1914893.800796319,255947.48802699998,0.13366145314197728
47150116.0,덕곡동,2613071.504706579,167734.96641778998,0.06419072961289855
47150117.0,대광동,1276455.114799071,95779.77636277,0.0750357574287654
47150118.0,응명동,902917.6767619051,52325.15701014,0.05795119351056617
47150119.0,양천동,5289105.786162995,108652.8328937,0.02054276039967858
47150120.0,율곡동,868312.88362306,265228.35004129,0.30545251031473497
47150250.0,아포읍,26818682.666467723,1822033.3972645067,0.06793895956502945
47150310.0,농소면,31801739.03145144,1306375.8027653403,0.04107875363272915
47150320.0,남면,53146477.39507432,1038948.7709318639,0.019548779558965744
47150340.0,개령면,11152727.525759649,738822.79426654,0.06624592886000918
47150350.0,감문면,39506768.73712575,846722.43216239,0.02143233828603903
47150360.0,어모면,44930807.89890287,708675.0814065401,0.01577258710773916
47150370.0,봉산면,42134397.51947969,397796.03019633,0.009441123016234416
47150380.0,대항면,55101014.01614708,151966.57188920001,0.0027579632535377112
47150390.0,감천면,17918162.520577084,724378.93193277,0.04042707677759361
47150400.0,조마면,60141807.70335181,384390.84537126997,0.0063914082407909925
47150410.0,구성면,78694045.2342491,366520.936263717,0.004657543466887382
47150420.0,지례면,46461389.27091435,410866.02281022,0.00884317127097681
47150430.0,부항면,73646648.5326956,882997.40252329,0.011989648138995506
47150440.0,대덕면,85730079.92449024,1333942.57440492,0.015559796229979448
47150450.0,증산면,72129724.55516486,153831.17556001,0.002132701552774679
47170104.0,명륜동,173875.48969761998,0.0,0.0
47170105.0,신안동,555732.913557198,3273.04520268,0.005889601142623571
47170106.0,율세동,137605.006495548,0.0,0.0
47170108.0,신세동,253742.879984756,0.0,0.0
47170109.0,법흥동,431045.167465376,0.0,0.0
47170110.0,용상동,1074959.214452325,221022.66705928,0.20561028184858868
47170122.0,태화동,298382.039705468,0.0,0.0
47170123.0,화성동,175399.2818226,0.0,0.0
47170125.0,법상동,191657.624766958,0.0,0.0
47170126.0,금곡동,4538.462950707,0.0,0.0
47170127.0,평화동,24820.41069215,16117.2304375,0.6493538981849897
47170128.0,안기동,1771747.268979499,110996.04970933002,0.06264778936177627
47170129.0,운안동,543641.005573277,0.0,0.0
47170130.0,성곡동,4288860.859401324,345121.57048176,0.08046928585366489
47170131.0,상아동,3172154.758988794,438412.648872282,0.1382065763437208
47170132.0,안막동,2923821.834297574,55830.74433770301,0.019095125319465958
47170133.0,옥동,1236146.924926679,19213.523349990002,0.015543074178766925
47170134.0,이천동,3973056.053521734,40003.51560238,0.010068701539441083
47170135.0,노하동,2221163.203049775,39426.05834937999,0.017750185261148715
47170136.0,송현동,2794492.442190706,16264.312265929999,0.005820131062218871
47170137.0,송천동,6139398.713110732,212919.996190428,0.0346809200933205
47170138.0,석동동,5291965.166404198,732305.445902122,0.138380624753755
47170139.0,정상동,3524524.446894475,493541.24621537497,0.1400305923967256
47170140.0,정하동,2461480.871731449,289062.67469043005,0.11743445907304503
47170141.0,수상동,2893245.429258537,195470.47614809,0.06756097293764116
47170142.0,수하동,2637210.492070866,232254.82367457997,0.08806836783521295
47170250.0,풍산읍,59503832.250338525,1961939.04597958,0.032971641855359966
47170310.0,와룡면,67247118.12210429,6204719.6995225735,0.09226744391122194
47170320.0,북후면,60812395.549846046,842985.6468943451,0.013862069390168584
47170330.0,서후면,45355467.65856593,448600.05599202,0.00989076023576832
47170340.0,풍천면,64919844.07832926,713076.37409412,0.0109839508122317
47170350.0,일직면,72905604.1725387,412702.02534965,0.005660772310081235
47170360.0,남후면,56297732.97435292,3582508.3849296863,0.06363503813842272
47170370.0,남선면,58330229.20914462,1728130.694026474,0.02962667415261158
47170380.0,임하면,73376925.59609887,1633876.1472309504,0.022266892949761533
47170390.0,길안면,186254872.63554963,538335.497306791,0.0028903163159664973
47170400.0,임동면,124235555.73331353,2578411.80173057,0.02075421795726047
47170410.0,예안면,136737737.95492768,1662744.4675695142,0.012160099270602224
47170420.0,도산면,86898647.8872465,82202.23629317299,0.0009459552972542536
47170430.0,녹전면,59537348.12628423,586421.6961638171,0.009849644208538854
47190101.0,원평동,658122.15447995,200428.13856609998,0.3045454969138349
47190102.0,지산동,1253310.659930667,205569.78135198998,0.16402140979425012
47190103.0,도량동,2057193.942083319,364234.72017533996,0.17705414775161143
47190104.0,봉곡동,2672353.371623443,312238.0871464,0.11684011944749535
47190105.0,부곡동,3128496.397726206,333944.791307672,0.10674290421123174
47190106.0,선기동,3174744.780830024,197172.79313702,0.0621066595109009
47190107.0,수점동,5067147.975712729,6983.76314853,0.0013782433791165703
47190108.0,남통동,15577948.01793991,503205.30416317005,0.03230241258885109
47190109.0,형곡동,5176543.917011932,515637.8763448,0.09961045141532246
47190110.0,송정동,456939.43049236,6067.4951791,0.013278554605283616
47190111.0,신평동,75149.15828102,4210.26150577,0.056025398049379914
47190112.0,비산동,103392.068937116,21092.9798699,0.2040096507085949
47190113.0,공단동,60874.199485101,0.0,0.0
47190114.0,광평동,540871.82456574,20582.166094300002,0.03805368510520066
47190115.0,사곡동,1855136.341077765,25339.90483945,0.013659322109300312
47190116.0,상모동,2984532.357662654,384089.1992242,0.1286932601813038
47190117.0,임은동,876042.90871597,68911.0411516,0.07866171903908681
47190118.0,오태동,4027627.222691215,538716.58862638,0.1337553251183002
47190119.0,신동,4643326.443096406,0.0,0.0
47190120.0,구평동,9762481.764402,76477.49439141,0.00783381687536444
47190121.0,황상동,5714255.006513907,126490.60091371,0.02213597411552658
47190122.0,인의동,2889229.009322665,82024.989496,0.028389923135663613
47190123.0,진평동,1578172.722038714,216006.35561529998,0.13687117550495917
47190124.0,시미동,1400495.59341772,237379.4854243,0.16949677424190068
47190125.0,임수동,1009673.58309552,47030.01665523,0.04657942670050102
47190126.0,양호동,1101544.76517896,144793.30991288,0.13144568835507695
47190127.0,거의동,2389549.644340132,384639.49916009,0.16096736055312516
47190128.0,옥계동,1745159.119554698,102292.53741684002,0.05861502041311935
47190129.0,구포동,3401508.3441295573,176165.71109742,0.0517904686023931
47190130.0,금전동,5270428.880363726,45331.58319004,0.008601118470440598
47190250.0,선산읍,30512278.645822413,460504.392109638,0.015092428771218237
47190253.0,고아읍,27852021.14890801,2945756.252294407,0.10576454170220609
47190256.0,산동읍,34064895.231798165,209626.43323378,0.006153737793918193
47190310.0,무을면,34829930.42458641,452347.041642583,0.012987308218200508
47190320.0,옥성면,50870148.23914621,643257.43055979,0.012645086614172333
47190330.0,도개면,41746571.50979679,227518.49732131598,0.0054499923968109225
47190340.0,해평면,36330761.530484945,403088.749177966,0.011094971098795614
47190360.0,장천면,46458876.0275281,200523.980599456,0.00431616082318996
47210101.0,영주동,323120.602650889,10793.4004249,0.03340362804584632
47210102.0,상망동,4089318.498619542,49191.163968915,0.012029183832347808
47210103.0,하망동,1196410.351696369,8844.871542834,0.007392841035095537
47210104.0,휴천동,3191521.00151139,42743.298623525996,0.013392767462060974
47210105.0,가흥동,1364120.194549237,60503.13984434799,0.04435323227828966
47210106.0,문정동,1959873.498329969,23520.953280898,0.012001260949209466
47210107.0,고현동,3616960.534379105,53396.519761104006,0.014762815146466662
47210108.0,창진동,1031596.761501942,0.0,0.0
47210109.0,상줄동,797758.690566953,0.0,0.0
47210110.0,조와동,7798224.709620393,19740.742501746998,0.0025314405825461205
47210111.0,조암동,3650260.942320254,18614.089843790003,0.005099386081686021
47210112.0,적서동,1264752.844384762,2439.4456687089996,0.001928792395715596
47210113.0,아지동,1612055.450219678,24397.94397335,0.015134680367244963
47210250.0,풍기읍,58350340.19547162,596256.309017976,0.010218557544318302
47210310.0,이산면,32261691.635090955,517383.6526837111,0.016037090011763497
47210320.0,평은면,46859986.877832025,655589.4412900889,0.013990388921773846
47210330.0,문수면,24244794.151597112,349307.89132523997,0.014407542053815685
47210340.0,장수면,22677106.802457437,235677.979612536,0.01039277107373311
47210350.0,안정면,23577015.615478434,612767.293242444,0.025990027882925062
47210360.0,봉현면,37429186.56916248,282143.09509665996,0.00753805040821044
47210370.0,순흥면,44254911.03285221,499497.8042921381,0.011286833317128141
47210380.0,단산면,80597174.4292283,409071.437299164,0.0050755059367294094
47210390.0,부석면,73081852.57988793,1062012.655256614,0.014531824492211617
47230102.0,망정동,705210.8476276511,0.0,0.0
47230103.0,야사동,1271574.4119427921,78192.29757045301,0.06149250632606381
47230104.0,문내동,47126.654635598,0.0,0.0
47230105.0,문외동,114630.097615508,0.0,0.0
47230106.0,창구동,92127.383478618,0.0,0.0
47230107.0,교촌동,114705.852106686,0.0,0.0
47230110.0,화룡동,280291.765874732,0.0,0.0
47230111.0,도동,651425.40946418,3699.41577721,0.005678955293212922
47230112.0,금노동,1555789.239077571,13623.62920393,0.008756731864277107
47230113.0,완산동,2631598.593044831,10091.939446,0.0038349083605198893
47230114.0,범어동,4788593.004766173,42666.40016336,0.008910007620378965
47230115.0,작산동,1279225.355823728,20918.8768172,0.016352769058216303
47230116.0,봉동,1611935.1308855498,0.0,0.0
47230117.0,본촌동,3327128.056425578,1083.805975668,0.0003257482000354268
47230118.0,채신동,1625100.7351746701,36005.2719332,0.02215571696811155
47230119.0,괴연동,5873536.604857287,4433.62946917,0.0007548483592497721
47230120.0,대전동,1098500.158290781,230134.79574799,0.20949910112536518
47230121.0,녹전동,915794.729535077,115689.75463479999,0.12632716798177293
47230122.0,도림동,5701211.435875127,526942.12572748,0.09242634335777712
47230123.0,오미동,4625914.492052437,169495.74063395898,0.036640482854830445
47230124.0,오수동,793891.324316553,162305.00846094,0.20444235059586466
47230125.0,쌍계동,1434888.400523854,48923.35220836,0.03409557997019064
47230126.0,도남동,176974.11103016,40942.93546641001,0.23134985805597574
47230127.0,매산동,2249938.963488091,161075.18516288,0.07159091325444863
47230128.0,언하동,450521.711266752,22120.94544279,0.04910073119582084
47230129.0,신기동,2163686.700584121,23872.627990689998,0.011033310869011308
47230130.0,서산동,5951231.936541898,346198.99106334,0.058172659838310214
47230250.0,금호읍,19984414.34724247,2024494.7823293284,0.1013036833180291
47230310.0,청통면,48034148.17952155,3757030.2275033677,0.0782158187434061
47230320.0,신녕면,64694056.04560841,1387404.9061539602,0.021445631808521312
47230330.0,화산면,34167128.437193945,2952034.717817584,0.08639984841699581
47230340.0,화북면,79221607.268315,603448.10598592,0.007617216145869227
47230350.0,화남면,64997191.06325391,1134907.29093349,0.017460866729287147
47230360.0,자양면,84658702.30111334,425721.14740066003,0.00502867556233568
47230370.0,임고면,70435251.35046716,818358.0247379399,0.011618585992772384
47230380.0,고경면,95324794.64035705,200876.72221981,0.0021072872276062175
47230390.0,북안면,53076534.47026046,244409.59739396,0.004604852216395292
47230400.0,대창면,37486450.57464012,1585071.8353359962,0.042283860195830594
47250106.0,서성동,4246.31503868,0.0,0.0
47250107.0,남성동,46929.279562902,0.0,0.0
47250110.0,낙양동,1473174.332314885,1177.37955928,0.0007992126481255715
47250111.0,개운동,7173540.174894101,41228.828922190005,0.005747347602022545
47250112.0,신봉동,743233.520986032,0.0,0.0
47250113.0,가장동,3173179.353113195,0.0,0.0
47250114.0,양촌동,2141885.551545769,0.0,0.0
47250115.0,지천동,10411066.425885247,31558.7746533,0.0030312720486380504
47250116.0,오대동,4014703.202989827,6992.5837632,0.0017417436382327063
47250117.0,흥각동,33466.840758779,0.0,0.0
47250118.0,거동동,3604053.619287965,9990.24630596,0.002771947190933781
47250119.0,인평동,2080348.20083102,0.0,0.0
47250120.0,서곡동,4501224.815304711,127558.151712,0.02833854271803683
47250121.0,화개동,954422.840123611,127558.151712,0.1336495171212368
47250122.0,외답동,2616024.537648036,146527.65280662003,0.05601157431740194
47250123.0,헌신동,3136047.046054672,14098.2632946,0.004495552231059935
47250124.0,병성동,1727816.6745254542,64339.50417108001,0.03723745992250647
47250125.0,도남동,825070.725575345,1746.90440579,0.002117278375828732
47250126.0,낙상동,886167.548122743,2207.8856103,0.002491499056783544
47250127.0,중덕동,48216.448420372995,1342.26120544,0.02783824295264459
47250128.0,초산동,119247.89591780299,0.0,0.0
47250129.0,화산동,225949.94099663,0.0,0.0
47250130.0,계산동,163197.83429848,0.0,0.0
47250131.0,부원동,2702289.576420574,20754.803896079997,0.007680451450200095
47250132.0,죽전동,19813.9956022,0.0,0.0
47250133.0,만산동,2139487.8000972113,0.0,0.0
47250134.0,연원동,9348968.058607673,92682.01479804,0.009913609097498938
47250135.0,남장동,11186867.405666607,2497.54803641,0.00022325714123910055
47250136.0,남적동,2404270.85925749,11369.9649179,0.004729069885832823
47250250.0,함창읍,17649045.865330525,512136.46727463993,0.02901779910270797
47250310.0,중동면,30641479.2210111,652149.0941600801,0.02128321186638067
47250325.0,사벌국면,19457228.36717076,170814.80255527,0.008778989449672984
47250330.0,낙동면,59104166.337785915,434654.53013909,0.007354042144085041
47250340.0,청리면,24288976.86695834,252637.47941645005,0.010401322410583997
47250350.0,공성면,67065145.30739689,200702.282736377,0.002992646654479711
47250360.0,외남면,23659256.548615683,459092.15831013006,0.01940433577727918
47250370.0,내서면,74359548.71793634,906655.750666161,0.012192862467540307
47250380.0,모동면,54517529.02707498,245677.32876617994,0.00450639148821601
47250390.0,모서면,63910314.8008347,617585.3025201099,0.009663311852628271
47250400.0,화동면,42729228.01312463,356131.27276435203,0.008334605826601019
47250410.0,화서면,48379046.718332775,389904.2643375901,0.008059362281519275
47250420.0,화북면,88804680.13983813,65030.812126909994,0.000732290370558262
47250430.0,외서면,78266820.74807823,397896.36811663,0.005083844780119039
47250440.0,은척면,47877608.14928053,503205.21465127,0.010510241302829824
47250450.0,공검면,21314399.174778264,238417.40703579,0.011185743735057466
47250460.0,이안면,37411539.05956568,711233.41712576,0.019011070782021362
47250470.0,화남면,51444479.655940935,502728.1172187135,0.009772246129826629
47280101.0,점촌동,171707.92918327,0.0,0.0
47280103.0,흥덕동,864490.7978192,50136.342308060004,0.05799522960167535
47280104.0,우지동,2952422.077549446,623952.62317548,0.21133584791960708
47280105.0,창동,773887.73739396,222904.02605294,0.2880314744404163
47280106.0,신기동,1965640.884412413,242146.822695023,0.12318975689570463
47280107.0,불정동,11902411.09796821,460752.90115642,0.038710887849863665
47280108.0,유곡동,2698742.509490604,131489.87600064,0.04872264602429934
47280109.0,공평동,6663378.503085325,647198.5885421501,0.09712769404326643
47280110.0,모전동,715555.1902053601,0.0,0.0
47280111.0,윤직동,85469.34249601999,0.0,0.0
47280250.0,문경읍,131756917.11405486,803655.57384373,0.00609953231637963
47280253.0,가은읍,136803226.9736306,680558.82087455,0.004974727833033724
47280310.0,영순면,14211319.023668678,622436.2966417259,0.04379862950124969
47280320.0,산양면,12097365.43709582,355561.129077314,0.029391616788479236
47280330.0,호계면,42480658.41375705,3088135.97133618,0.07269510611766106
47280340.0,산북면,99770309.08455183,2824913.6777088996,0.028314171857630355
47280350.0,동로면,132462232.68852773,335979.32897777297,0.0025364160195592974
47280360.0,마성면,61819657.568070374,644523.9463349608,0.010425873770414656
47280370.0,농암면,91042793.16110997,100274.95296033302,0.0011014046195055303
47290102.0,삼북동,7682.00650049,0.0,0.0
47290105.0,상방동,139841.01179746,0.0,0.0
47290106.0,백천동,1917005.865181197,4266.58118308,0.0022256484763945776
47290107.0,옥곡동,1948978.0849282742,13641.0417108,0.006999073933302854
47290108.0,사정동,620482.1864606601,0.0,0.0
47290109.0,옥산동,460028.7343954,0.0,0.0
47290110.0,중산동,7808.36328946,0.0,0.0
47290116.0,계양동,142536.70464814,0.0,0.0
47290117.0,중방동,15917.48556209,0.0,0.0
47290118.0,조영동,164972.69318787,0.0,0.0
47290119.0,남방동,2309.12407758,0.0,0.0
47290120.0,내동,14866.43474609,0.0,0.0
47290121.0,여천동,1196445.127686806,58888.84707255,0.04921984778892874
47290122.0,유곡동,1641747.836744089,48414.039463630004,0.029489327398563615
47290123.0,신천동,122644.675689914,7513.0612841,0.06125876432740941
47290124.0,점촌동,2516094.708009839,21757.12609805,0.00864718089855182
47290125.0,평산동,1871810.075030894,2856.12942651,0.0015258649713501835
47290126.0,사동,925861.62226617,109256.0961426,0.11800477902430075
47290127.0,삼풍동,287711.81559351,0.0,0.0
47290128.0,갑제동,1218777.613550584,24630.59607564,0.02020926197018447
47290250.0,하양읍,26031305.317103073,1001051.9279165618,0.03845569462315251
47290253.0,진량읍,13080900.93543841,1093297.4375590351,0.08357967413369093
47290256.0,압량읍,781021.52666789,15291.81128373,0.019579244312215305
47290310.0,와촌면,29340821.972918224,2041076.6580403969,0.06956439938609506
47290330.0,자인면,6926004.798469752,511871.62868615997,0.07390575715443543
47290340.0,용성면,68586698.28115642,1434159.024386014,0.020910162762274802
47290350.0,남산면,24377783.46264617,479538.38187664,0.019671123201641025
47290370.0,남천면,63681665.58463579,126875.65459085,0.0019923419625736166
47730250.0,의성읍,54807313.63463488,2068855.5757553198,0.03774780113375105
47730310.0,단촌면,71713555.39997898,349551.96142005,0.004874280175769286
47730320.0,점곡면,61055918.331851445,377249.26266602,0.006178750119121833
47730330.0,옥산면,101614359.9511269,112450.92129550998,0.001106643995490353
47730340.0,사곡면,69037946.86360304,841448.6918435401,0.01218820561836774
47730350.0,춘산면,62905890.20935783,825797.854647651,0.013127512414168268
47730360.0,가음면,33350562.650721062,1626332.1782146846,0.04876475984070158
47730370.0,금성면,48932094.10747059,2318211.8871020167,0.04737610211429904
47730380.0,봉양면,44651640.71496468,1594582.2204408306,0.03571161540557719
47730390.0,비안면,41398423.36591798,226776.99673649,0.0054779138502938345
47730400.0,구천면,24839419.76311076,128844.7917384,0.005187109560817863
47730410.0,단밀면,33252566.881241575,452735.42691434006,0.013615051990760359
47730420.0,단북면,1727493.703327495,67326.39221882,0.03897345159009033
47730430.0,안계면,24546915.065068364,117183.98157871998,0.00477387815406097
47730440.0,다인면,46704743.01975851,353107.17475373106,0.00756041360947749
47730450.0,신평면,54739873.469341934,511313.038093487,0.009340778589483902
47730460.0,안평면,90510155.88509566,2280808.2067708196,0.02519947274940448
47730470.0,안사면,59375875.9382428,413014.64282386,0.006955933471254201
47750250.0,청송읍,74173648.15355277,778809.6500562599,0.010499815897473239
47750315.0,주왕산면,128335328.77214423,177096.88614918,0.0013799542794923644
47750320.0,부남면,113380064.54059511,384168.3562856701,0.003388323669088411
47750330.0,현동면,75513658.40093544,713443.73272694,0.009447876686611465
47750340.0,현서면,105669624.09600654,198081.44315090004,0.001874535325032787
47750350.0,안덕면,95422666.70405972,1095957.9113419822,0.011485299554045633
47750360.0,파천면,92414296.6100845,1493364.490122871,0.01615945308141761
47750370.0,진보면,91266030.05107097,830137.405796957,0.009095798352710485
47760250.0,영양읍,123679855.65503953,603624.2033518599,0.004880537741210279
47760310.0,입암면,70581536.7433914,283940.91081751,0.0040228779921555845
47760320.0,청기면,136150674.2073453,250865.57840375003,0.0018425584732816246
47760330.0,일월면,123483068.63633622,327535.35800975,0.002652471805461508
47760340.0,수비면,221337880.78667235,181314.96788914,0.0008191773014393916
47760350.0,석보면,111077040.38128425,222230.61751635,0.0020006890420695292
47770250.0,영덕읍,56951125.49120739,3882336.0287876627,0.06816961026322564
47770310.0,강구면,30228167.949981034,2324985.520704416,0.07691453628786242
47770320.0,남정면,67121044.41880117,1925954.7647986559,0.028693754417492043
47770330.0,달산면,67535182.0124309,645130.76736346,0.009552513936287513
47770340.0,지품면,140700183.92531258,421046.69529020996,0.0029925099139437713
47770350.0,축산면,54945340.60390918,948057.35506232,0.01725455415585992
47770360.0,영해면,57729880.748455815,1250567.8477442,0.021662401368768645
47770370.0,병곡면,48939388.31813819,3290918.5492822197,0.06724478303425221
47770380.0,창수면,143545119.2028251,1549620.8689393804,0.010795357428696764
47820250.0,화양읍,21968272.59517011,44190.3365185,0.0020115526301424163
47820253.0,청도읍,60659793.11726571,1333065.0065696302,0.021976088906082956
47820310.0,각남면,33983660.96298047,615819.98136639,0.018121060648445826
47820320.0,풍각면,42700738.55618865,423229.3563648301,0.0099115230948035
47820330.0,각북면,39767345.04818122,194375.43827160003,0.0048878153177210875
47820340.0,이서면,33580069.6710486,309990.97248161,0.009231397537833936
47820350.0,운문면,148467084.7093182,254335.60664764,0.0017130773945322657
47820360.0,금천면,65099302.007298395,412001.60602073,0.006328817565118283
47820370.0,매전면,109037576.13439342,407021.733617418,0.0037328574978202603
47830253.0,대가야읍,34751790.12132279,292922.617443853,0.008428993626550575
47830310.0,덕곡면,32974985.943522796,203181.184068922,0.006161676138904691
47830320.0,운수면,37640243.858814426,250527.14465464,0.00665583213526319
47830330.0,성산면,41472756.19874215,230601.43224157003,0.005560311235079284
47830340.0,다산면,22748977.9361857,220573.38041025,0.009695968804796043
47830350.0,개진면,27054705.261242308,174297.47026346,0.006442408763297559
47830360.0,우곡면,27738322.253368426,246000.61795692003,0.008868619223249767
47830370.0,쌍림면,55056579.89322632,482811.809999823,0.008769375266973748
47840250.0,성주읍,14559109.710273657,263532.97281164996,0.018100898891206755
47840310.0,선남면,38380333.34911817,1104570.846452621,0.028779605336022952
47840320.0,용암면,67452579.95550895,598997.80278262,0.008880280089771406
47840330.0,수륜면,73051893.40595971,373861.64249070996,0.005117754312172416
47840340.0,가천면,57842237.924714945,495854.24826718995,0.008572528761984853
47840355.0,금수강산면,73539147.55935946,130128.795370796,0.0017695173209039228
47840360.0,대가면,17023960.349559125,65865.94172162999,0.003869014046624923
47840370.0,벽진면,50361288.895432204,420751.51120391,0.008354661297043818
47840380.0,초전면,51837688.52592177,542516.26401258,0.010465672360010638
47840390.0,월항면,28174992.44446614,609477.46885163,0.021631859176286582
47850250.0,왜관읍,28402970.416174255,372574.88924281,0.013117462145108769
47850253.0,북삼읍,26073807.676113576,1214719.574794885,0.04658773240502573
47850256.0,석적읍,36925922.169826806,1213548.077326962,0.03286439460457363
47850310.0,지천면,67450593.94808,2644400.2280771937,0.03920499543877578
47850320.0,동명면,54687449.778342344,1065724.5599474276,0.01948755270664463
47850330.0,가산면,75515182.72131336,125219.42293896101,0.0016582019459726364
47850360.0,약목면,16144236.159886481,1333103.4334466301,0.08257457461871048
47850370.0,기산면,28920924.043227807,2136035.0967086856,0.07385777485933631
47900250.0,예천읍,19519373.726872902,1061812.7972887852,0.05439789268581686
47900253.0,호명읍,31959690.843179926,732087.528445251,0.02290658980518504
47900310.0,용문면,55827228.09869823,2429301.9465163304,0.043514643826154366
47900340.0,감천면,38157013.40370289,627059.6869579641,0.01643366791639704
47900350.0,보문면,50040719.427747965,621192.149009662,0.012413733377806038
47900370.0,유천면,22779962.993340597,1209844.1823305702,0.05311001526579526
47900380.0,용궁면,10473582.562560748,308819.136995043,0.02948553039520204
47900390.0,개포면,17422985.2026068,973414.720949007,0.05586957169678168
47900400.0,지보면,37565056.36444476,1704254.5473747961,0.04536808173108104
47900410.0,풍양면,26418949.09540522,846804.4828625,0.032052920795769886
47900420.0,효자면,60166233.66579576,32901.9759168,0.0005468511806731993
47900430.0,은풍면,25506872.39223987,1178579.1780790847,0.046206338431271254
47920250.0,봉화읍,53030520.362761244,918720.480061109,0.017324372338353426
47920310.0,물야면,91456732.80893552,674989.3059385819,0.007380422252221916
47920320.0,봉성면,56952161.157372825,182106.514062469,0.0031975347442788683
47920330.0,법전면,59632510.80852719,189020.38023712,0.0031697538418940917
47920340.0,춘양면,155130833.04089257,342998.33300064004,0.0022110261788526944
47920350.0,소천면,251242446.96777982,391616.95610768994,0.0015587213101690266
47920360.0,재산면,117818647.25515088,426915.00203534,0.0036234926472275874
47920370.0,명호면,98060946.00707705,142607.828713975,0.0014542775133301591
47920380.0,상운면,48120492.040287964,791933.7140151431,0.016457307073088772
47920390.0,석포면,149873118.8105858,460340.11358521704,0.00307153222164549
47930250.0,울진읍,74516815.26492575,1236776.3165053409,0.016597278239928726
47930253.0,평해읍,29225386.132865783,1686117.796394488,0.05769360201877171
47930310.0,북면,130253235.81989074,877970.8714634948,0.006740491826840447
47930330.0,근남면,50667368.138043314,1322558.0981263593,0.026102758969501788
47930350.0,기성면,92053183.03003627,4154506.9755149703,0.04513159500589334
47930360.0,온정면,127833239.71299973,3819086.3047800427,0.029875534042275147
47930370.0,죽변면,11823166.608070528,455580.629375287,0.03853287739887775
47930380.0,후포면,19717718.193883043,2400688.7511742096,0.12175286854028407
47930390.0,금강송면,301116209.1128952,216102.48039024,0.0007176713635804918
47930400.0,매화면,98685161.7330824,3950276.308805136,0.04002908075977625
47940250.0,울릉읍,23034826.55796475,5739.38304005,0.00024916111374259485
47940320.0,북면,20977457.98996193,4177.22623336,0.00019912928608217803
48121102.0,중동,420338.55805253005,0.0,0.0
48121103.0,서상동,107647.054347873,10508.9185851,0.09762383790957534
48121104.0,소답동,843246.77536006,0.0,0.0
48121105.0,도계동,2133985.418885999,19572.6798652,0.009171890160063744
48121106.0,동정동,1931590.015540752,10162.522007259999,0.0052612210280114655
48121107.0,소계동,2381673.87441908,30170.112516369998,0.01266760862619315
48121108.0,용동,4752077.041184271,26782.7133967,0.005636001513566676
48121113.0,지귀동,233479.182111676,0.0,0.0
48121114.0,서곡동,281766.98212982,5227.24568816,0.018551661549015788
48121116.0,봉림동,2598521.169397777,0.0,0.0
48121117.0,퇴촌동,3960916.223112759,25487.4318446,0.00643473136237409
48121118.0,명곡동,1664658.4353556351,12079.6045432,0.0072565063719028525
48121119.0,반계동,218205.276843461,0.0,0.0
48121120.0,사화동,578152.63454647,0.0,0.0
48121121.0,차용동,1460074.46360652,32927.9303927,0.02255222676202756
48121122.0,내리동,4026343.16863288,0.0,0.0
48121124.0,명서동,228505.999346775,0.0,0.0
48121125.0,사림동,482339.48906518,0.0,0.0
48121127.0,봉곡동,54932.369987977996,0.0,0.0
48121129.0,팔용동,243693.43804847,23821.3369844,0.0977512450690691
48121250.0,동읍,23142357.935379066,131261.291037747,0.00567190652760064
48121310.0,북면,37995929.9999249,491541.35263221903,0.012936684340485694
48121320.0,대산면,466978.60245258,0.0,0.0
48123101.0,토월동,3639273.728988832,0.0,0.0
48123102.0,사파정동,2250064.9588216,8296.08803033,0.0036870437885823584
48123103.0,가음정동,253531.724295413,2456.62192299,0.009689603657361495
48123104.0,외동,78759.77805477999,0.0,0.0
48123105.0,대방동,2642831.954752712,7292.0511394800005,0.002759180781951122
48123106.0,남산동,661803.4004201819,0.0,0.0
48123107.0,삼정자동,957581.555221537,0.0,0.0
48123109.0,불모산동,10745841.99373681,12201.5151536,0.0011354638529685833
48123110.0,안민동,3337336.519982553,1606.965621,0.0004815114122828707
48123111.0,내동,246728.06483055,0.0,0.0
48123112.0,남지동,2432436.24052317,0.0,0.0
48123113.0,상복동,3963004.5019546202,32258.4794924,0.008139904831420096
48123114.0,완암동,1745503.6523131,6753.03659537,0.0038688183702285796
48123115.0,창곡동,2887091.163256939,31943.35475824,0.011064200245829638
48123116.0,월림동,153971.355987875,40728.84192054,0.26452220063417076
48123117.0,적현동,2411214.856608835,0.0,0.0
48123118.0,양곡동,7381687.506818529,17855.774998200002,0.002418928596165371
48123119.0,반송동,472333.396216386,4825.43589592,0.010216164968587918
48123120.0,귀산동,3585189.566651704,0.0,0.0
48123121.0,귀곡동,5097771.518850457,19843.25003808,0.00389253421121444
48123122.0,귀현동,3580280.70608094,19748.60458635,0.005515937494176899
48123123.0,신촌동,1361159.039392205,47300.284892890006,0.03475000607865109
48123124.0,반지동,19898.725175300002,0.0,0.0
48123125.0,중앙동,276639.765394535,4811.20937246,0.017391604441242943
48123126.0,반림동,346137.18349564803,4825.43589592,0.013940819206962404
48123127.0,상남동,203015.61162270702,0.0,0.0
48123128.0,성주동,685746.11925322,0.0,0.0
48123129.0,웅남동,5132.42492061,0.0,0.0
48123130.0,사파동,479978.12755785004,2585.87602748,0.005387487218713594
48123131.0,가음동,169393.436157782,0.0,0.0
48123132.0,성산동,13943.154329809,0.0,0.0
48123134.0,용지동,72888.38006771,0.0,0.0
48123135.0,용호동,140148.25216115,6845.1314216,0.04884207484606443
48123137.0,대원동,182431.82543879,0.0,0.0
48123138.0,두대동,367997.418851006,3319.58228475,0.009020667305533534
48123139.0,삼동동,162138.72286077,1491.62708771,0.009199696786750157
48123141.0,퇴촌동,287835.32902616,6845.1314216,0.023781415036018314
48125101.0,가포동,3505837.640284394,0.0,0.0
48125102.0,교방동,3034859.468803946,29390.296352799996,0.009684236339412074
48125110.0,덕동동,3242223.25922377,0.0,0.0
48125118.0,산호동,125750.732351823,24353.36591677,0.19366380983479775
48125121.0,성호동,36037.481504146,19362.8539015,0.5372976438232057
48125123.0,신월동,552942.15347344,5674.4553031099995,0.010262294649566026
48125128.0,완월동,2552811.355808815,1898.74972848,0.0007437877162993163
48125134.0,월영동,2215565.439714867,9368.36511127,0.004228430784908644
48125136.0,예곡동,6154487.909248336,141291.80657719998,0.02295752443755411
48125138.0,우산동,2178097.266733727,0.0,0.0
48125140.0,자산동,1156915.532464457,39940.729846999995,0.03452346236714309
48125155.0,추산동,20866.2923086,0.0,0.0
48125159.0,현동,6264483.592421708,0.0,0.0
48125310.0,구산면,32628598.35858472,229071.07433354002,0.007020561282347283
48125320.0,진동면,26201436.979048494,123683.351726,0.004720479713570716
48125330.0,진북면,40648042.39458139,32565.87209125,0.0008011670469914489
48125340.0,진전면,65380084.099870235,234000.23544115006,0.0035790751673507636
48127101.0,구암동,2899308.338495119,69636.28129099999,0.024018239235342794
48127102.0,두척동,8148074.194344682,21019.61312861,0.0025797032068263495
48127103.0,봉암동,5842822.50786701,22970.488891399997,0.003931402821234362
48127104.0,석전동,552836.1072504381,0.0,0.0
48127105.0,양덕동,876873.082825425,11626.54099225,0.013259092130855962
48127106.0,합성동,7583841.721563811,112092.96191645999,0.014780498595815377
48127107.0,회성동,2236132.670456115,7747.74936736,0.003464798609547462
48127108.0,회원동,4877469.15654246,9018.203698640002,0.0018489514560114256
48127250.0,내서읍,50660362.50349361,468928.1491370671,0.009256312548192468
48129101.0,동상동,616771.2753745001,0.0,0.0
48129102.0,도천동,641892.7123593,0.0,0.0
48129103.0,도만동,83313.62749362999,0.0,0.0
48129104.0,신흥동,123832.097241,0.0,0.0
48129105.0,현동,12709465.020497508,0.0,0.0
48129106.0,비봉동,4146762.51145776,0.0,0.0
48129107.0,태평동,7165.45707157,0.0,0.0
48129110.0,인의동,463149.0909983,0.0,0.0
48129112.0,대영동,330430.401071,0.0,0.0
48129113.0,남빈동,330430.401071,0.0,0.0
48129114.0,앵곡동,540863.59629147,0.0,0.0
48129115.0,제황산동,643498.60162637,0.0,0.0
48129117.0,대죽동,877363.874516934,0.0,0.0
48129118.0,안곡동,3653309.068979475,0.0,0.0
48129135.0,충무동,49402.60137118,0.0,0.0
48129137.0,여좌동,100411.91543178899,0.0,0.0
48129138.0,태백동,4903572.036574712,84707.37496240999,0.017274626401038978
48129139.0,경화동,3028001.701542063,45762.906356199994,0.015113236671199501
48129140.0,석동,1399468.708549272,0.0,0.0
48129141.0,이동,128906.5548365,0.0,0.0
48129142.0,자은동,6562902.115891013,8120.8669224,0.0012373896149900857
48129143.0,덕산동,996210.88619343,0.0,0.0
48129144.0,풍호동,2229381.551403475,16164.4422939,0.007250639660009705
48129145.0,장천동,2181597.276046408,0.0,0.0
48129146.0,행암동,2287128.165616382,19741.5253668,0.008631578091505708
48129147.0,북부동,8140162.46835423,6705.72754631,0.0008237830107665846
48129148.0,성내동,977362.361433294,6705.72754631,0.0068610454125490414
48129149.0,서중동,1103507.419084707,10528.0314025,0.009540517100675562
48129150.0,남문동,1919086.133654093,7231.37736937,0.003768135907272115
48129151.0,제덕동,1512614.067372777,0.0,0.0
48129152.0,수도동,277513.0935923,0.0,0.0
48129153.0,연도동,471034.859226955,0.0,0.0
48129154.0,명동,1456050.725164788,3909.55787914,0.002685042362584955
48129155.0,죽곡동,2348591.183560407,1858.5871366,0.0007913625622073686
48129156.0,원포동,2514235.346676469,5819.88213977,0.0023147722218857586
48129157.0,남양동,1839806.988618091,25294.640956289997,0.01374852966249966
48129158.0,마천동,6130439.981602055,0.0,0.0
48129159.0,소사동,14938811.333532225,0.0,0.0
48129160.0,대장동,9227222.725828465,0.0,0.0
48129161.0,두동,6543404.874961262,0.0,0.0
48129162.0,청안동,904694.3959160231,0.0,0.0
48129163.0,안골동,833737.756731908,15790.7543041,0.018939713568924512
48129164.0,용원동,3012658.105232658,0.0,0.0
48129165.0,가주동,3066784.954634471,3181.28058957,0.0010373340930744117
48170101.0,망경동,520093.601842108,0.0,0.0
48170102.0,주약동,2532244.939446665,125511.95366269999,0.049565487014114167
48170114.0,상봉동,323677.11329427,27241.9971419,0.08416411300953808
48170115.0,봉래동,110284.48335958,0.0,0.0
48170118.0,옥봉동,866820.752820059,20633.3956429,0.02380353213253448
48170119.0,상대동,603439.650134988,0.0,0.0
48170120.0,하대동,954568.165636244,50381.17458774999,0.05277902239089406
48170122.0,초전동,501669.659291223,0.0,0.0
48170123.0,장재동,3252582.887763105,324467.15528728,0.09975676761628215
48170124.0,하촌동,2736109.283461606,362321.32807724,0.13242209668571675
48170125.0,신안동,759053.6702224651,0.0,0.0
48170126.0,평거동,1167424.3312091362,48171.50558243,0.04126306458983713
48170127.0,이현동,2787521.008865615,175697.18595009,0.06302990556530018
48170128.0,유곡동,1004066.405846764,128952.46214777,0.1284302127796218
48170129.0,판문동,6884119.279146194,873501.348012579,0.12688643421078483
48170130.0,귀곡동,2841052.647864194,167101.16078715998,0.05881663647197137
48170131.0,가좌동,2800391.579043053,44769.622142500004,0.015986915000579537
48170132.0,호탄동,571332.449795457,0.0,0.0
48170137.0,충무공동,155711.402345193,0.0,0.0
48170250.0,문산읍,20403447.881318357,1350159.42488271,0.06617310136680048
48170310.0,내동면,21162428.758840285,2309520.5209697727,0.10913305591188371
48170320.0,정촌면,13130819.90106225,696478.12361181,0.053041480186280424
48170330.0,금곡면,30232782.90058595,4223360.907969096,0.13969474533180476
48170350.0,진성면,25021244.65079659,1849325.3160213078,0.07391020478121706
48170360.0,일반성면,13922107.885416485,1199742.438277334,0.08617534414699324
48170370.0,이반성면,34623396.099853285,1084912.937954207,0.03133467713061239
48170380.0,사봉면,21077622.55023717,1331336.731855987,0.06316351517742719
48170390.0,지수면,19529997.526040062,323033.77213334996,0.01654038981329297
48170400.0,대곡면,35608967.83948671,2436013.995730711,0.06841012653642323
48170410.0,금산면,17514633.620432552,211472.216237654,0.012074030254960672
48170420.0,집현면,35044120.30507435,5371960.257851331,0.15329134277265555
48170430.0,미천면,47006038.69569193,11843871.243487705,0.25196488732357675
48170440.0,명석면,60085426.681233056,5404932.152260008,0.08995412782760803
48170450.0,대평면,25634306.246009935,1646323.16988781,0.06422343378783912
48170460.0,수곡면,28479331.425700758,3320472.9273992805,0.11659237633657257
48220101.0,도천동,850274.82752267,48401.07843547001,0.05692404016768277
48220102.0,서호동,16257.67767984,0.0,0.0
48220103.0,명정동,1234783.569709884,49900.93954946001,0.04041270128107097
48220106.0,문화동,203332.12660429,6435.38418653,0.031649618257591286
48220108.0,동호동,74681.57191332,0.0,0.0
48220109.0,정량동,697628.100370515,39310.65630576,0.05634901501943778
48220110.0,북신동,222993.02655004498,0.0,0.0
48220111.0,무전동,640459.482822904,1638.48884334,0.002558302105416815
48220112.0,평림동,3207683.102599589,9805.23805647,0.003056797614615852
48220113.0,인평동,2778106.648358802,8170.86374517,0.0029411627339782044
48220114.0,당동,77968.29210410701,0.0,0.0
48220115.0,미수동,2150361.068398577,0.0,0.0
48220116.0,봉평동,1858629.659863141,116972.642657,0.06293488433064885
48220117.0,도남동,1734205.4781952011,120934.56562222,0.06973485388137361
48220250.0,산양읍,28463860.518224664,128831.58119814,0.00452614574595925
48220310.0,용남면,7846777.79116965,26880.5049152,0.0034256742870238917
48220330.0,도산면,28559300.02738434,38497.584079320004,0.0013479876622468426
48220340.0,광도면,28539377.476961162,231144.72893463998,0.008099151045646845
48220350.0,욕지면,17401219.9240178,53576.8028682,0.003078910737416251
48220360.0,한산면,23811845.325012214,7298.83193474,0.000306521054337323
48220370.0,사량면,21590027.10102205,0.0,0.0
48240101.0,동동,1354100.23361223,0.0,0.0
48240102.0,서동,757732.01123784,0.0,0.0
48240103.0,선구동,220074.09972876898,0.0,0.0
48240105.0,서금동,27407.4750751,0.0,0.0
48240106.0,동림동,1812793.273757365,0.0,0.0
48240107.0,좌룡동,690202.446774453,0.0,0.0
48240109.0,용강동,1217356.307228282,214743.5139876,0.17640152904496406
48240110.0,와룡동,7453186.040487456,358355.66570459004,0.04808086954463741
48240111.0,봉남동,98438.08227912,0.0,0.0
48240112.0,이금동,1635522.889659089,177448.468038,0.10849647483379926
48240113.0,이홀동,3321562.608226531,32519.0975837,0.00979030095749506
48240114.0,궁지동,121169.198581542,0.0,0.0
48240115.0,사등동,570677.3166632201,0.0,0.0
48240116.0,향촌동,593012.837477849,0.0,0.0
48240117.0,대방동,1749851.350691081,0.0,0.0
48240118.0,실안동,4674663.363622666,0.0,0.0
48240119.0,마도동,28165.013824569,0.0,0.0
48240120.0,늑도동,198969.98262022302,0.0,0.0
48240121.0,신수동,594556.585663082,0.0,0.0
48240122.0,백천동,9715396.64952675,0.0,0.0
48240123.0,신벽동,3014241.6084992443,21967.71256803,0.007287973368189111
48240124.0,노룡동,152759.503232774,0.0,0.0
48240125.0,대포동,10831.22868239,0.0,0.0
48240126.0,송포동,2559762.7966863723,45474.22698405,0.017765015978401067
48240127.0,죽림동,7547392.230462833,52820.73866290999,0.0069985416220604765
48240250.0,사천읍,15987744.624030791,849055.982589016,0.053106676554791885
48240310.0,정동면,27586333.875670627,2410870.34336906,0.08739364767477467
48240320.0,사남면,30337053.500895448,469124.43669991,0.015463744252093006
48240330.0,용현면,13372935.595170354,182522.18254304997,0.013648624959277303
48240340.0,축동면,12665582.325816449,583157.3132666,0.046042676780675265
48240350.0,곤양면,43706764.374866195,3592476.648674532,0.08219498057239864
48240360.0,곤명면,53112193.22832838,5528375.249555757,0.10408862661327824
48240370.0,서포면,22527338.873011243,1039773.4126319448,0.04615606923184521
48250101.0,동상동,1149516.430611785,9182.80211994,0.007988404406758078
48250103.0,부원동,60785.844168640004,0.0,0.0
48250104.0,봉황동,31311.93185889,0.0,0.0
48250105.0,대성동,184835.287191339,7773.76467907,0.04205779533332671
48250106.0,구산동,2172406.14665128,7773.76467907,0.0035784122094540656
48250107.0,삼계동,8421866.096221061,33707.0547532,0.004002326131535687
48250108.0,내동,1002258.1734363011,0.0,0.0
48250109.0,외동,1581583.109224083,0.0,0.0
48250110.0,흥동,702511.046331758,0.0,0.0
48250111.0,풍유동,220176.82594003598,0.0,0.0
48250112.0,명법동,518109.284150264,4346.54422825,0.00838924211786446
48250113.0,이동,230131.795647242,4142.43087255,0.018000254423338066
48250114.0,화목동,413890.202206417,3823.07531261,0.009236931176987226
48250117.0,삼정동,276801.313808603,0.0,0.0
48250118.0,어방동,1366217.153213833,11344.4247095,0.008303529700834044
48250119.0,삼방동,7564603.946385103,34999.00758224999,0.0046266807661457235
48250120.0,안동,1392708.7729821801,0.0,0.0
48250121.0,지내동,944808.85288226,0.0,0.0
48250122.0,불암동,159554.58842489,0.0,0.0
48250123.0,유하동,353887.03918221203,1157.92746067,0.0032720256253120296
48250124.0,내덕동,159904.769043421,0.0,0.0
48250125.0,부곡동,2588865.290298919,0.0,0.0
48250126.0,무계동,185474.643321238,0.0,0.0
48250127.0,신문동,876661.736306022,0.0,0.0
48250128.0,삼문동,5479394.132877569,0.0,0.0
48250129.0,대청동,17960075.58714172,15445.13786716,0.0008599706494675192
48250130.0,관동동,7784552.790654626,0.0,0.0
48250131.0,율하동,4130173.755709039,0.0,0.0
48250132.0,장유동,3408046.465154715,0.0,0.0
48250133.0,응달동,3196647.787015594,24971.2785383,0.007811707827096368
48250134.0,수가동,2858070.531947647,0.0,0.0
48250250.0,진영읍,12617734.25106005,76682.00560977,0.006077319753610102
48250320.0,주촌면,18186725.1590151,70384.55689441,0.003870106150447905
48250330.0,진례면,26284024.489756078,99720.65376284001,0.0037939644213048533
48250340.0,한림면,22888663.221008357,57780.64677012,0.0025244220779606754
48250350.0,생림면,33013956.270306893,65767.768790541,0.0019921201885668345
48250360.0,상동면,52824661.29348854,25015.8920286,0.0004735646460582909
48250370.0,대동면,26707019.554151427,195232.81717979402,0.007310168653748051
48270101.0,내일동,154311.280519937,0.0,0.0
48270102.0,내이동,207731.144322573,16636.7376108,0.08008783499967548
48270103.0,교동,2564602.226903333,89501.6809523,0.03489885488416273
48270104.0,삼문동,19606.5689587,0.0,0.0
48270105.0,남포동,1983062.580643127,0.0,0.0
48270106.0,용평동,1561477.812788757,0.0,0.0
48270107.0,활성동,8430844.562984554,101916.00501939,0.012088469222508273
48270108.0,가곡동,3728480.644213012,63149.312798069994,0.016937009689478814
48270250.0,삼랑진읍,52300448.63730072,187580.32112203503,0.0035865910524571025
48270253.0,하남읍,7063301.682090289,272595.81346884003,0.03859325648797277
48270310.0,부북면,38390997.945418864,189315.44262146996,0.004931245676151033
48270320.0,상동면,41534693.41611745,53482.37453723999,0.0012876554547164726
48270330.0,산외면,25329605.23469336,788843.7342616362,0.031143151539573765
48270340.0,산내면,99330787.43992244,157358.38249907,0.00158418539261298
48270350.0,단장면,133250490.31356326,2112436.210004576,0.01585312147845475
48270360.0,상남면,21918373.848934058,614046.155414847,0.028015132858257616
48270370.0,초동면,24831427.447277147,1354943.181157802,0.05456565813764268
48270380.0,무안면,83238702.36990756,1434392.148889151,0.01723227426726095
48270390.0,청도면,54028260.39922357,299662.19953927,0.00554639733585752
48310101.0,능포동,1885963.368476948,0.0,0.0
48310102.0,장승포동,3181777.705422855,0.0,0.0
48310103.0,두모동,1014836.470543162,0.0,0.0
48310104.0,아양동,2595569.58497525,0.0,0.0
48310105.0,아주동,7201928.207958381,38227.9364058,0.005308014090387183
48310106.0,옥포동,4374570.843454281,0.0,0.0
48310107.0,덕포동,5448096.589281178,0.0,0.0
48310108.0,장평동,4382509.867739997,0.0,0.0
48310109.0,고현동,3100788.376928227,0.0,0.0
48310110.0,상동동,4726985.148534244,0.0,0.0
48310111.0,문동동,5110637.238976649,0.0,0.0
48310112.0,삼거동,11894542.143439358,119018.04083294,0.010006105270608207
48310113.0,양정동,3425233.840936784,0.0,0.0
48310114.0,수월동,6579173.555529198,14508.3351584,0.0022051911286345475
48310310.0,일운면,26342699.01442094,13140.1830252,0.0004988168834942308
48310320.0,동부면,45122649.28307213,114459.30618466999,0.0025366264615054347
48310330.0,남부면,28404114.380495314,0.0,0.0
48310340.0,거제면,27567573.165066555,25819.82992347,0.0009366014835208169
48310350.0,둔덕면,28012657.88050332,0.0,0.0
48310360.0,사등면,23420005.305938564,123075.07389639,0.005255125790478881
48310370.0,연초면,32708407.969443083,146154.36693547,0.0044684035698714115
48310380.0,하청면,21310018.543466605,71222.13414521998,0.003342190153422266
48310390.0,장목면,26098255.61804734,195423.213179508,0.0074879798879879875
48330101.0,다방동,1136874.1896319161,0.0,0.0
48330102.0,남부동,279396.460726514,0.0,0.0
48330103.0,중부동,416692.25712874,0.0,0.0
48330104.0,북부동,850319.667455813,17410.59066476,0.020475347485320563
48330105.0,명곡동,8882318.508016309,15670.4619806,0.0017642310356758067
48330106.0,신기동,2404604.78984861,0.0,0.0
48330107.0,북정동,997802.6771371791,0.0,0.0
48330108.0,산막동,576419.828724009,0.0,0.0
48330109.0,호계동,11356709.075131562,0.0,0.0
48330110.0,교동,3620248.829281527,0.0,0.0
48330111.0,유산동,3132674.74318922,0.0,0.0
48330112.0,어곡동,20992891.73908657,124441.54859093999,0.00592779451909633
48330113.0,용당동,9420309.098500721,5725.37881744,0.0006077697406289159
48330114.0,삼호동,7955066.260852411,0.0,0.0
48330115.0,명동,7164749.923651529,4294.855812379999,0.0005994425287897722
48330116.0,주남동,6734390.544254002,0.0,0.0
48330117.0,소주동,5257444.742812981,17657.426099880002,0.003358556668430612
48330118.0,주진동,4432039.811184592,0.0,0.0
48330119.0,평산동,14040772.634007469,0.0,0.0
48330120.0,덕계동,2322787.043412512,0.0,0.0
48330121.0,매곡동,8068714.750391565,0.0,0.0
48330253.0,물금읍,5760293.472242314,1078.03441685,0.00018714921766483413
48330310.0,동면,46027525.49105731,137712.08089248,0.0029919505648687565
48330320.0,원동면,145681412.65516594,1092824.02133161,0.007501465021611031
48330330.0,상북면,62251364.76090614,163711.22837028405,0.0026298415946230743
48330340.0,하북면,67164172.69430545,233645.36625758,0.003478720229623103
48720250.0,의령읍,24007203.03199121,1282373.194162158,0.05341618481975221
48720310.0,가례면,33293212.944168746,1975906.3578987871,0.05934862343301907
48720320.0,칠곡면,21233245.764012955,349970.75873897003,0.016482207319057925
48720330.0,대의면,35299010.03717883,3246912.3082348807,0.09198309824595809
48720340.0,화정면,31723569.05154896,1178582.928141833,0.03715164981048331
48720350.0,용덕면,25103252.549288012,2147037.2944297697,0.08552825137755565
48720360.0,정곡면,30817138.26128946,550107.3956728668,0.01785069694040595
48720370.0,지정면,34080038.08832545,474354.46090049995,0.013918835996342274
48720380.0,낙서면,13592353.19638992,152688.99212510002,0.011233447948192934
48720390.0,부림면,40780234.62089983,317300.71809904196,0.007780747733521515
48720400.0,봉수면,33179916.93517626,369693.834308644,0.011142096438364097
48720415.0,궁류면,42260131.80038939,284426.77110603906,0.006730380597237473
48720420.0,유곡면,44980708.84454565,894105.16182462,0.01987752493885029
48730250.0,가야읍,20577520.15442391,216891.17946117,0.010540200074329223
48730253.0,칠원읍,38550669.83310503,740267.9492073382,0.0192024665826076
48730310.0,함안면,22994787.443280604,272587.96942174603,0.011854337427302465
48730320.0,군북면,49748783.58489846,741221.68542362,0.014899292646194918
48730330.0,법수면,10378417.506773889,119097.817852896,0.011475527726183885
48730340.0,대산면,22564331.71937203,55846.020964587995,0.0024749689757770587
48730350.0,칠서면,15170704.476613685,205169.34863659999,0.013524048863576351
48730360.0,칠북면,15100553.479961434,216193.96883493697,0.014316956601744979
48730380.0,산인면,30550599.18187726,408900.90039927,0.013384382347624518
48730390.0,여항면,28019883.359979257,127569.70901402,0.004552827982011787
48740250.0,창녕읍,48221960.55899428,166884.93925801,0.003460766367096265
48740253.0,남지읍,27785998.68206865,1425821.28749423,0.05131437972803066
48740310.0,고암면,39436777.25238713,79441.379208,0.0020143983546016394
48740320.0,성산면,43955229.184862286,140598.37077011,0.0031986722257503456
48740330.0,대합면,18649014.503916435,219542.48796767002,0.011772337241818566
48740340.0,이방면,25385866.432438597,13199.359407659998,0.0005199491395256684
48740350.0,유어면,13309545.061579088,90025.304887105,0.006763965595411876
48740360.0,대지면,5041222.27033662,0.0,0.0
48740370.0,계성면,17679944.53807496,68303.13300894,0.0038633114974905365
48740380.0,영산면,17591735.850947633,56581.52614205,0.0032163696989005244
48740390.0,장마면,17175716.984824914,356709.54985218996,0.020768247996130227
48740400.0,도천면,13376098.510134019,124561.920340978,0.00931227594104568
48740410.0,길곡면,16613208.615357574,145674.78289598998,0.00876861214884916
48740420.0,부곡면,26745697.274300907,221014.49274279003,0.008263553216657239
48820250.0,고성읍,22663808.32909203,276212.871943037,0.01218739886660976
48820310.0,삼산면,27864443.32680504,41204.164072789994,0.0014787363088338609
48820320.0,하일면,24173479.682634454,228025.36791698,0.009432873169715281
48820330.0,하이면,26778841.72949718,814355.0182583611,0.030410389907243093
48820340.0,상리면,42081178.91869229,1658194.38880978,0.039404656224429506
48820350.0,대가면,42059034.470865674,1163242.175122583,0.02765736754913767
48820360.0,영현면,31193105.891226243,2348596.13339308,0.07529215402861422
48820370.0,영오면,16902979.280258246,3878099.47199226,0.22943289509451553
48820380.0,개천면,37240848.8731718,3460774.7296019606,0.09292953394773697
48820390.0,구만면,17130712.60288321,1139782.2781077407,0.06653443464552129
48820400.0,회화면,19539927.50895593,317103.57924425596,0.016228493125110866
48820410.0,마암면,22923685.32049463,702155.8629469699,0.030630147514685013
48820420.0,동해면,36095258.94686481,462441.99498794,0.012811710138129016
48820430.0,거류면,18411661.79391834,166100.76788758102,0.009021497882523929
48840250.0,남해읍,19833002.72066138,75596.74064596,0.0038116639074125555
48840310.0,이동면,38285711.40165754,27531.059163129998,0.0007190948830570267
48840320.0,상주면,21375196.249058895,0.0,0.0
48840330.0,삼동면,40760992.19001082,119267.3011638,0.0029260156526078993
48840340.0,미조면,14072864.646376817,135979.13834409998,0.009662505947508634
48840350.0,남면,30022247.905321877,181815.97497604002,0.006056041358042697
48840360.0,서면,30456958.696133304,162917.438430328,0.005349103961946515
48840370.0,고현면,18098830.000545047,60815.753100853995,0.0033602035655908437
48840380.0,설천면,14078177.599267751,20522.349553745997,0.0014577419136134087
48840390.0,창선면,33709344.99983337,79321.965588843,0.0023531150068099842
48850250.0,하동읍,14717828.43456519,3739577.7333240225,0.2540848841899482
48850310.0,화개면,141126099.24304193,4699667.509532918,0.03330119329266893
48850320.0,악양면,43659879.73803103,4690649.176266277,0.1074361451385394
48850330.0,적량면,37654908.39747667,7696624.478176011,0.20439896963583573
48850340.0,횡천면,31440268.71068986,8351882.73357763,0.26564285472337407
48850350.0,고전면,23576941.27907141,5733231.695003314,0.24317114027393125
48850360.0,금남면,29037228.243555304,1079371.694776065,0.037171994713911
48850370.0,진교면,34644836.67128781,2211714.3010060913,0.06383965154724101
48850380.0,양보면,24315790.942419056,8108533.458735211,0.3334678060827469
48850390.0,북천면,28219381.17957823,4574066.579427114,0.16208954230141903
48850400.0,청암면,81019637.64291073,4216137.331283757,0.05203846195741005
48850410.0,옥종면,70669677.82755646,7984798.349612812,0.11298761498668207
48850420.0,금성면,7214493.627582415,166771.96589181002,0.023116239960932018
48860250.0,산청읍,57330355.114675686,5160621.434028101,0.09001551488222095
48860310.0,차황면,41234976.27542972,3549237.5271520736,0.08607347081867786
48860320.0,오부면,30690819.955198232,1098366.158031028,0.035788100794778316
48860330.0,생초면,43584146.441326424,1121005.279569238,0.02572048258598687
48860340.0,금서면,64735651.99793603,3233985.290605997,0.04995678873689426
48860350.0,삼장면,105600062.13375849,3168764.0387035897,0.030007217559113456
48860360.0,시천면,131420026.15382342,4313093.556069134,0.03281915003593729
48860370.0,단성면,81669337.86499512,7354120.895433531,0.09004751462036321
48860380.0,신안면,52570808.67777709,5116591.225672667,0.0973276111659962
48860390.0,생비량면,40584400.69831941,6258594.730798614,0.15421183073076106
48860400.0,신등면,49313637.99638871,4893248.253518034,0.09922707900553537
48870250.0,함양읍,49235017.59250526,7681660.700612447,0.15602026923580867
48870310.0,마천면,111582748.80188176,271278.708518422,0.0024311886150079056
48870320.0,휴천면,58331393.74708844,2611961.205765381,0.044777966682748
48870330.0,유림면,19399117.787917554,1930571.93675947,0.09951854294950967
48870340.0,수동면,36215439.38717999,2463307.336975999,0.06801815409833167
48870350.0,지곡면,30614949.645946153,3226883.36598892,0.10540221046602977
48870360.0,안의면,88609090.9930846,2661516.124999164,0.030036603413603234
48870370.0,서하면,70213504.8565688,2004422.915220583,0.028547541093628514
48870380.0,서상면,85671586.59906873,1363879.1068047802,0.015919853488736556
48870390.0,백전면,52759242.8403917,4537291.017715736,0.08599992671316452
48870400.0,병곡면,44896011.90107638,5809353.745677411,0.129395763670005
48880250.0,거창읍,29035256.09183447,243884.60392261998,0.008399602302498968
48880310.0,주상면,45609155.9971978,146521.63532915598,0.0032125487114507928
48880320.0,웅양면,48926205.88614695,1654625.26062612,0.0338187936435638
48880330.0,고제면,49002338.41545744,1885591.78623519,0.038479628670953246
48880340.0,북상면,127795116.5588472,725653.8954033001,0.005678259975365728
48880350.0,위천면,48422921.97631323,134244.54742061,0.0027723347113641273
48880360.0,마리면,37386473.724744394,475232.91482185497,0.012711359683738242
48880370.0,남상면,51701510.381254554,964161.694996123,0.01864861757202551
48880380.0,남하면,40222479.21441835,263096.70914632,0.006541036611487863
48880390.0,신원면,65744918.71865192,4748448.886597267,0.07222533663655023
48880400.0,가조면,50905299.288736,320922.9513213,0.00630431322092849
48880410.0,가북면,93324216.79939151,475705.98014265095,0.005097347681633613
48890250.0,합천읍,45161555.02696234,820735.79545083,0.018173328951158446
48890310.0,봉산면,65487750.699475504,1641347.973032263,0.025063434848517537
48890320.0,묘산면,45732637.365186155,1712959.11364015,0.037455944208110235
48890330.0,가야면,97301429.05278394,552901.4023501399,0.005682356443605805
48890340.0,야로면,41273180.44267768,1279120.01623005,0.03099155438255014
48890350.0,율곡면,57694171.52813428,707912.4359148099,0.012270085819147259
48890360.0,초계면,16497404.843838684,26280.895782890002,0.0015930321181822228
48890370.0,쌍책면,31700089.71314882,157568.77198756,0.004970609654842786
48890380.0,덕곡면,23828181.00880427,767113.79896574,0.032193552612442354
48890390.0,청덕면,45087507.21101472,141802.45710036,0.0031450498346849874
48890400.0,적중면,15360755.053565757,0.0,0.0
48890410.0,대양면,52714438.903878696,2409903.7342748004,0.04571619814960188
48890420.0,쌍백면,58538585.385815986,3923664.991472845,0.06702698682608679
48890430.0,삼가면,52833167.9175571,6034103.570133721,0.1142105197922178
48890440.0,가회면,64846838.251258165,7293603.220968471,0.11247430742434014
48890450.0,대병면,49354206.45299381,4785261.1907291515,0.09695751455930621
48890460.0,용주면,74078549.95218772,3911260.4227602156,0.05279882537231963
50110101.0,일도일동,10262.9582358,0.0,0.0
50110102.0,일도이동,135931.35171931,0.0,0.0
50110103.0,이도일동,72077.02354537002,0.0,0.0
50110104.0,이도이동,66518.2869681,0.0,0.0
50110107.0,건입동,547829.50370902,5806.7693014,0.010599592139681964
50110108.0,용담일동,3467.8533525499997,0.0,0.0
50110109.0,용담이동,227021.27597806999,0.0,0.0
50110110.0,용담삼동,8005.88800333,0.0,0.0
50110111.0,화북일동,453805.39203365997,0.0,0.0
50110112.0,화북이동,552278.992961214,0.0,0.0
50110113.0,삼양일동,538281.37228956,0.0,0.0
50110114.0,삼양이동,5449.06135188,0.0,0.0
50110115.0,삼양삼동,2366.97041169,0.0,0.0
50110116.0,봉개동,28062402.098848566,0.0,0.0
50110117.0,아라일동,27415335.202292502,0.0,0.0
50110118.0,아라이동,332163.69654885,0.0,0.0
50110119.0,오라일동,13289.4421466,13289.4421466,1.0
50110120.0,오라이동,32740223.313076273,5446.33717243,0.00016635003128566815
50110121.0,오라삼동,17352.17256659,0.0,0.0
50110122.0,노형동,13811227.766246654,0.0,0.0
50110123.0,외도일동,37185.16598259,0.0,0.0
50110125.0,이호일동,50352.134087579994,0.0,0.0
50110126.0,이호이동,6260.83715378,0.0,0.0
50110127.0,도두일동,78277.846468071,965.635446681,0.012335999139614503
50110128.0,도두이동,75244.4293993,0.0,0.0
50110129.0,도남동,194181.42785238,0.0,0.0
50110130.0,도련일동,45196.079779759995,0.0,0.0
50110131.0,도련이동,10734.70784568,0.0,0.0
50110132.0,용강동,11333166.722787626,0.0,0.0
50110133.0,회천동,6371214.16539824,0.0,0.0
50110134.0,오등동,27017275.721671864,0.0,0.0
50110135.0,월평동,21505194.61744069,4654.77172848,0.00021644871442851233
50110136.0,영평동,13297311.722831769,0.0,0.0
50110137.0,연동,12491547.041383343,927.938985053,7.428535328561177e-05
50110138.0,도평동,215412.375254628,2636.29860364,0.012238380457593328
50110139.0,해안동,31012298.92468628,0.0,0.0
50110140.0,내도동,3706.91884097,0.0,0.0
50110250.0,한림읍,21624529.16189524,57141.12109753,0.0026424215144632526
50110253.0,애월읍,99026016.43238048,31329.953627810002,0.0003163810355756715
50110256.0,구좌읍,71682501.72604536,26518.38802927,0.0003699422786695895
50110259.0,조천읍,89674958.66499017,70660.379558846,0.000787961105427667
50110310.0,한경면,18401665.419696514,2485.25932588,0.00013505621742366118
50110320.0,추자면,4655773.165008892,6461.0345759,0.001387746856839762
50110330.0,우도면,485433.00806466496,0.0,0.0
50130101.0,서귀동,190714.75360238,0.0,0.0
50130102.0,법환동,66219.33150945,0.0,0.0
50130103.0,서호동,16203051.61118658,0.0,0.0
50130104.0,호근동,6088311.296415094,0.0,0.0
50130105.0,동홍동,19410569.58707532,0.0,0.0
50130106.0,서홍동,19904516.6125514,0.0,0.0
50130107.0,상효동,34785596.17432639,53322.31836805,0.0015328849935711234
50130108.0,하효동,27711.83788265,0.0,0.0
50130109.0,신효동,358320.585399666,0.0,0.0
50130110.0,보목동,255764.92479848998,0.0,0.0
50130111.0,토평동,14164166.143722415,12950.94275273,0.0009143455831651539
50130112.0,중문동,30703196.100741725,0.0,0.0
50130113.0,회수동,6619432.622247935,0.0,0.0
50130114.0,대포동,14285586.375788802,0.0,0.0
50130115.0,월평동,46503.16106442,0.0,0.0
50130116.0,강정동,2476383.588968339,0.0,0.0
50130117.0,도순동,20240951.117829274,0.0,0.0
50130118.0,하원동,30034509.53041859,0.0,0.0
50130119.0,색달동,29803552.853462756,14390.5871536,0.00048284804245840156
50130120.0,상예동,4740135.87830117,0.0,0.0
50130121.0,하예동,84682.54513236,0.0,0.0
50130122.0,영남동,27459296.72326735,0.0,0.0
50130250.0,대정읍,11233215.188339217,0.0,0.0
50130253.0,남원읍,104344194.51786153,391543.24699421,0.003752420044099205
50130259.0,성산읍,23107547.805167537,2752.60353472,0.00011912140387758651
50130310.0,안덕면,52076814.30710054,0.0,0.0
50130320.0,표선면,48137007.89021909,141330.03993817,0.0029359955288556
51110101,봉의동,193111.68480152,0.0,0.0
51110107,옥천동,133755.63883496,0.0,0.0
51110112,효자동,161995.02572995,7400.3876993,0.045682808258795816
51110113,소양로1가,534692.99473969,0.0,0.0
51110114,소양로2가,229755.10129227,0.0,0.0
51110116,소양로4가,11545.2950614,0.0,0.0
51110117,근화동,11545.2950614,0.0,0.0
51110118,우두동,148613.841372753,0.0,0.0
51110120,후평동,663829.027647846,0.0,0.0
51110121,온의동,807218.908340267,27865.219180959997,0.034520027830188
51110122,교동,92940.5970393,0.0,0.0
51110123,퇴계동,1470168.883155844,5469.38887865,0.0037202453006007627
51110124,석사동,1775244.988406673,50370.21311878,0.02837366867543647
51110125,삼천동,1770981.5781810621,39306.36941323,0.02219467999977772
51110126,칠전동,4137521.169402427,21885.38756369,0.005289492589315467
51110127,송암동,2193010.247361051,2413.28318036,0.0011004431845514692
51110128,신동,798298.974722392,44983.767897080004,0.05634952482899415
51110250,신북읍,40335260.21662821,253678.90952073,0.006289259277324579
51110310,동면,114757521.39537969,634935.104316471,0.005532840868259067
51110320,동산면,72724492.98268154,241001.47025354,0.0033138968780563596
51110330,신동면,39708087.61596823,557191.50206012,0.014032191815655478
51110340,남면,65096162.59297257,339481.16684448003,0.005215071877080641
51110350,서면,115597723.938122,1033313.4701893299,0.00893887383753723
51110360,사북면,140912249.01622668,464633.98493507295,0.0032973285727741684
51110380,북산면,187147555.6473253,526301.722584881,0.0028122286757337237
51110390,동내면,30135006.180488817,56678.674045088,0.0018808250346995159
51110400,남산면,103634484.36560078,1326426.2993727222,0.012799082346889165
51130103,원동,10261.0881017,0.0,0.0
51130106,명륜동,364973.02012371,16539.66794439,0.045317508507296704
51130107,단구동,677438.034052363,168275.2332014,0.24839944724507904
51130108,일산동,62643.56642019001,0.0,0.0
51130109,학성동,49135.10313185001,0.0,0.0
51130110,단계동,1584778.838857688,29444.16812103,0.01857935467024119
51130111,우산동,1777794.082820864,0.0,0.0
51130112,태장동,5037753.484164616,54142.004384709995,0.010747251638036052
51130113,봉산동,4424642.552194531,90952.75303168,0.02055595496331547
51130114,행구동,10073146.680754632,74744.083718636,0.0074201325650741475
51130115,무실동,3710837.176973001,45809.52276562,0.012344794605886665
51130116,관설동,8541058.37465749,57188.62254919,0.006695730205857931
51130117,반곡동,6025532.45447926,98195.05632411002,0.01629649447014658
51130118,가현동,3021869.4436466037,48316.78418788,0.015989037610299378
51130250,문막읍,74104560.9827299,939643.1732392901,0.01267996410448035
51130310,소초면,85324652.64176477,675038.6465377471,0.007911413942367797
51130320,호저면,58771603.17745247,464306.49906281,0.007900184340061352
51130330,지정면,65109191.34118113,977453.7095473739,0.015012530326561451
51130350,부론면,59114007.3154297,576058.4549936829,0.009744872343366281
51130360,귀래면,63231603.24566746,732170.4189747199,0.011579184796724054
51130370,흥업면,47860749.564297184,279911.388457817,0.005848453921135897
51130380,판부면,67212644.20799676,330296.1626733,0.004914196823609007
51130390,신림면,116376454.74603105,746469.5293363298,0.006414265935195862
51150101,홍제동,1261261.908537969,73073.88967139099,0.05793712564910239
51150102,남문동,2570.30290733,0.0,0.0
51150103,명주동,1799.53553113,0.0,0.0
51150107,용강동,1799.53553113,0.0,0.0
51150110,교동,798735.015996778,95528.705321388,0.11959999675508573
51150111,포남동,633114.0938502391,10461.471127109999,0.016523832321421395
51150112,초당동,355628.554638677,2406.25249744,0.0067661959818856
51150113,강문동,175253.686433794,0.0,0.0
51150114,송정동,352249.16318686004,0.0,0.0
51150115,견소동,39878.805501771996,2107.93292496,0.052858477039046094
51150116,내곡동,1008416.418197215,75685.12713866,0.07505344595039937
51150117,회산동,538950.573326684,30442.684017189997,0.056485112965520896
51150118,장현동,861250.23917975,6573.576187250001,0.00763259722692285
51150119,박월동,942400.092254573,3690.674701588,0.003916250361095071
51150120,담산동,866120.15979175,0.0,0.0
51150121,노암동,540340.575717697,45128.110542919996,0.08351790069250203
51150122,유산동,583359.678018666,58334.05134376501,0.09999671479162205
51150123,월호평동,917799.698845089,4600.5250417,0.0050125588921951705
51150124,신석동,102918.374698251,597.738312991,0.005807887218813202
51150125,입암동,567270.576666258,42388.699230829996,0.07472395180434066
51150126,청량동,737390.939284095,20707.01916268,0.028081466776339378
51150127,두산동,307253.918852674,3807.55060094,0.01239219540358635
51150128,학동,1395881.891012828,119316.36325942,0.08547740609547279
51150129,병산동,2202572.315224646,3807.55060094,0.0017286835826553363
51150130,남항진동,1632288.0560549,0.0,0.0
51150131,유천동,2094320.388346996,50854.21453987,0.024281965081764872
51150132,지변동,955261.412509964,23556.22658504,0.024659455806076844
51150133,죽헌동,2008027.102345933,26072.120983020002,0.0129839487487796
51150134,대전동,3767287.475716567,47053.574403249,0.01249004083350423
51150135,운정동,244636.78607787902,1235.77908811,0.00505148513403293
51150136,난곡동,1157657.754400149,24638.484900869,0.021283047435410353
51150137,저동,839068.754737762,78827.071095917,0.09394590210971826
51150138,안현동,2972080.418009023,176075.66746693,0.05924323796893824
51150139,운산동,1844366.9302792621,81474.943657442,0.04417501871230449
51150250,주문진읍,50475111.954302475,470572.34479421296,0.009322858862011927
51150310,성산면,70332946.9634019,961408.754714733,0.013669393879016712
51150320,왕산면,235259886.93279022,301298.80530547595,0.0012807062403781225
51150330,구정면,28992681.376445208,860931.3960300611,0.02969478348178984
51150340,강동면,100473224.93447211,512903.757703709,0.00510488001194568
51150350,옥계면,137867508.8041086,628115.991624417,0.00455593922797928
51150360,사천면,58007527.96448091,620788.229404754,0.010701856313974873
51150370,연곡면,199544120.21331966,238037.1495228,0.001192904853665094
51170101,천곡동,5997953.639310157,239431.93357068,0.03991893701902934
51170102,평릉동,2857288.631720093,345187.59020633,0.12080949273875997
51170104,용정동,1142418.719781846,22173.46507535,0.01940922771257127
51170105,지흥동,5419933.548189772,120857.67552048,0.022298737511430522
51170106,효가동,377874.98854329,19446.73948359,0.0514634206369606
51170107,동회동,1040037.096051374,0.0,0.0
51170109,쇄운동,9927416.50050265,2991.08286815,0.00030129519276224126
51170110,부곡동,5976823.909215389,185242.407678356,0.03099345245770739
51170111,발한동,6270147.39812257,459024.843806095,0.07320798294846113
51170113,구미동,185482.942589003,0.0,0.0
51170114,추암동,865268.9071044159,0.0,0.0
51170115,구호동,196740.208769341,0.0,0.0
51170116,단봉동,1615114.022157285,0.0,0.0
51170117,지가동,1698789.433313695,0.0,0.0
51170118,이도동,506895.279200417,0.0,0.0
51170119,귀운동,6528620.190888883,0.0,0.0
51170120,대구동,922092.232082919,0.0,0.0
51170121,호현동,1166881.3746334938,0.0,0.0
51170122,내동,1746538.693563323,0.0,0.0
51170123,묵호진동,494294.680191867,28523.35299079,0.05770515875209963
51170124,삼화동,38459862.886214755,0.0,0.0
51170125,이기동,9127979.3048921,0.0,0.0
51170126,이로동,13253393.802280758,102489.01892166,0.007733039585983086
51170127,어달동,1207849.5490244399,393527.68603377003,0.3258085300041018
51170128,대진동,599522.10841979,29048.08469596,0.048452065883816085
51170129,망상동,8793712.955611521,428270.33359933796,0.04870187778031194
51170130,심곡동,2321130.506185131,65586.65173911,0.028256339557099802
51170131,초구동,3792272.856223792,282962.89081773,0.07461564648581068
51170132,괴란동,10101263.23040433,12664.574018895,0.001253761408847878
51170133,만우동,8611443.575899428,34235.35988282,0.003975565720320505
51170134,신흥동,25830054.608551025,2028.0336968,7.851449513113381e-05
51170135,비천동,16109835.371529905,64116.53947711,0.0039799624265819565
51170136,달방동,7811729.166133965,2028.0336968,0.00025961392844904227
51190101,황지동,39913866.88787884,40262.580475120005,0.0010087366525578874
51190102,장성동,8496308.467032539,53365.86118479,0.0062810644636856995
51190103,금천동,10506000.109904347,115432.813992,0.010987322747424848
51190104,철암동,25080377.092998207,69563.68068663,0.0027736297755287893
51190105,문곡동,16450655.936698139,0.0,0.0
51190106,동점동,22225180.679324206,152174.82818737402,0.006846955729315635
51190107,소도동,25143122.981182333,16372.7825974,0.0006511833319056568
51190108,혈동,42515490.48622052,9571.88018391,0.00022513865121730848
51190109,화전동,21131863.506101776,207705.24826621,0.009829007659747356
51190110,적각동,4522495.725472762,25431.73494956,0.0056233850717241915
51190111,창죽동,25662809.290501088,73671.3384295,0.0028707433233651834
51190112,통동,19332562.361810904,11616.6099915,0.0006008830994098941
51190113,백산동,15780516.828592794,0.0,0.0
51190114,원동,19448597.564482786,15470.4416756,0.0007954528147495975
51190115,상사미동,17036280.88616348,0.0,0.0
51190116,하사미동,26221970.444815602,43326.2013292,0.0016522862543980217
51190117,조탄동,6907848.803308715,10121.7833049,0.0014652583739313862
51210101,영랑동,7640.892565757,0.0,0.0
51210102,동명동,79906.601716034,0.0,0.0
51210104,금호동,250024.374527459,17123.6136508,0.06848777717437864
51210106,교동,278612.84053496,30111.6670027,0.10807709703861128
51210107,노학동,14931907.554313896,265576.72893437,0.01778585408249756
51210108,조양동,3229381.198038678,319280.34089367,0.09886734371513052
51210109,청호동,3878.35713344,0.0,0.0
51210110,대포동,1508038.907086016,210999.23151380004,0.139916304892633
51210111,도문동,5779390.383459753,248848.89969458,0.04305798417887978
51210112,설악동,60612188.672477566,94447.32160561999,0.0015582232497158791
51210113,장사동,3409255.588965382,87653.13355932,0.025710343877714488
51230101,성내동,7471.409066255999,0.0,0.0
51230102,성북동,478433.79547777,0.0,0.0
51230103,읍상동,6745.09726343,0.0,0.0
51230105,당저동,48266.923187477,0.0,0.0
51230106,교동,2037772.159505669,0.0,0.0
51230107,갈천동,1046175.119238105,0.0,0.0
51230108,증산동,615444.3062168489,0.0,0.0
51230109,우지동,4024748.3768342207,0.0,0.0
51230110,마달동,1323659.957330726,0.0,0.0
51230111,자원동,2230329.531663842,0.0,0.0
51230112,평전동,1356885.274859349,0.0,0.0
51230113,등봉동,3032827.700615208,29483.73057535,0.009721531681265386
51230114,도경동,9166818.689711086,0.0,0.0
51230115,마평동,5451434.949150733,0.0,0.0
51230116,오사동,387427.647187392,0.0,0.0
51230117,건지동,2430124.581212464,0.0,0.0
51230118,원당동,746412.638565891,0.0,0.0
51230119,성남동,721026.35525021,0.0,0.0
51230120,남양동,1285466.0016797099,0.0,0.0
51230121,사직동,1352177.869296665,0.0,0.0
51230122,오분동,1300234.846689096,0.0,0.0
51230123,적노동,1889215.898564457,0.0,0.0
51230124,조비동,10864564.311722882,0.0,0.0
51230125,정상동,864070.0350423061,0.0,0.0
51230126,정하동,464533.728449217,0.0,0.0
51230127,근산동,4181873.396059216,0.0,0.0
51230250,도계읍,163515943.8496745,719785.8761475281,0.00440193084051333
51230253,원덕읍,166881448.91972634,165337.243990493,0.0009907466950986497
51230310,근덕면,118619118.55400844,5197.30842786,4.381509904319189e-05
51230320,하장면,199089342.1327723,1010509.74277949,0.005075659660905318
51230330,노곡면,156386654.54181227,304570.9939633,0.0019475510545042608
51230340,미로면,96752811.67285307,53252.815324480005,0.0005504007005454468
51230350,가곡면,156415755.97531086,46362.31016596,0.00029640434799469925
51230360,신기면,58970206.20974082,13875.10342435,0.00023529006113697602
51720250,홍천읍,90196148.3253378,494981.241442655,0.005487831250368431
51720310,화촌면,197276767.31368223,1511991.1579787936,0.007664314346628736
51720320,두촌면,135795857.75308236,412171.12641142,0.003035226060877872
51720330,내촌면,130462774.54857339,347057.28672084206,0.0026602016392931077
51720340,서석면,216581730.8148743,310405.60457215994,0.0014332030841395513
51720352,영귀미면,130330907.09183049,575798.57589485,0.004417974130181916
51720360,남면,98079302.67645305,756188.2944991,0.007709968095854398
51720370,서면,93791895.37816374,706827.173618096,0.0075361220792927565
51720380,북방면,131139913.41339283,560131.8276165,0.004271253602637318
51720390,내면,440998937.2283635,157623.825093258,0.0003574245010292061
51730250,횡성읍,45539830.32207478,792700.578021299,0.01740675299874907
51730310,우천면,75702644.52354549,278695.15097197006,0.0036814453804885064
51730320,안흥면,87335149.9437741,73698.35445923,0.0008438567347359752
51730330,둔내면,98399470.15182999,401897.46465097,0.004084345820468787
51730340,갑천면,111323006.01857907,404858.66735196,0.0036367924459782533
51730350,청일면,128004554.47631493,338108.754746339,0.0026413806612553014
51730360,공근면,110633032.06687142,640011.9467281081,0.005784998700399507
51730370,서원면,111461029.53719327,260473.615479552,0.002336903010505882
51730380,강림면,95092962.26805945,410413.82515396003,0.004315922181465294
51750250,영월읍,148404726.25906333,457922.201209628,0.0030856308471622004
51750253,상동읍,140580604.0185342,131071.71451302999,0.0009323598758741244
51750312,산솔면,121992683.36601698,211585.476874098,0.0017344112043119345
51750325,김삿갓면,160586065.32192248,663640.320042127,0.0041326146120570645
51750330,북면,106637188.87968618,121407.52479664997,0.0011385101770980525
51750340,남면,67500173.13223015,239727.4624208724,0.0035515088524477687
51750355,한반도면,56211864.85913098,311030.25316192,0.005533177985490668
51750360,주천면,89058176.17121525,486525.246430099,0.005463004828380375
51750380,무릉도원면,154934969.33110362,108569.0846884,0.0007007397049040785
51760250,평창읍,144035267.66118893,450202.76671947207,0.00312564258760899
51760310,미탄면,107807079.98992826,329654.71849511,0.003057820678622476
51760320,방림면,114488425.88550496,112133.147872795,0.0009794278068329337
51760330,대화면,153700706.90108463,159324.472385621,0.0010365890671417378
51760340,봉평면,205897026.10758469,709375.0326940301,0.0034452903283963394
51760350,용평면,122568705.49906646,180914.98329352002,0.0014760291589674818
51760360,진부면,324177368.8050223,276438.710200575,0.0008527390768195176
51760380,대관령면,183810419.24696034,121445.02307886,0.0006607080467821104
51770250,정선읍,198317509.67434996,490284.14398385497,0.0024722181353977915
51770253,고한읍,54606860.31238596,279862.8992465,0.005125050179510528
51770256,사북읍,44644481.96335875,150587.01955616,0.0033730264734564935
51770259,신동읍,106342626.31976365,183151.59457411998,0.0017222782708356103
51770320,남면,125352756.72320074,209871.35895036996,0.001674246059173633
51770340,북평면,143058258.93189383,203882.61267849198,0.001425171913881288
51770350,임계면,228996367.70098668,268905.23484894104,0.001174277293341463
51770360,화암면,130045852.43451941,348392.28146006,0.002678995715264985
51770370,여량면,139169535.3174593,180851.419486889,0.001299504371228583
51780256,갈말읍,32931210.430276386,85416.15827942,0.0025937752412796174
51780259,동송읍,6824331.484666131,35344.187848494,0.005179142884238595
51780310,서면,23244597.37709768,54209.34611221,0.002332126697346933
51780320,근남면,17632400.683368895,8168.05795439,0.0004632413986652547
51790250,화천읍,93321448.56329162,252073.20632565996,0.002701128306583252
51790310,간동면,108808464.97384903,210919.16639476997,0.0019384444624364675
51790320,하남면,113031813.07550238,156862.42687646998,0.0013877723678703611
51790330,상서면,30021961.36679739,28278.98583721,0.0009419433158182987
51790340,사내면,140668019.0628447,137214.70769701997,0.0009754506291562837
51800250,양구읍,143797543.41900977,281167.571297961,0.00195530163181349
51800315,국토정중앙면,122545875.8366405,445151.05242684996,0.003632525773615242
51800320,동면,26994182.452419363,156744.052379064,0.0058065863878391235
51800330,방산면,5646179.074848006,0.0,0.0
51810250,인제읍,309646819.3840515,657755.8748233921,0.0021242132444047
51810310,남면,227828262.18949744,535209.208948773,0.0023491782968682335
51810320,북면,344934338.2418551,312920.51464236795,0.0009071886441846789
51810330,기린면,273383101.36409235,45829.64928892,0.00016763892523072942
51810340,서화면,97562502.4671692,177672.58536212004,0.0018211154989788082
51810350,상남면,198534722.44249874,252760.80005773398,0.0012731314550327116
51820250,간성읍,71698278.43427394,84845.20859926772,0.0011833646560571967
51820320,죽왕면,35613955.77712769,310012.43689365,0.008704802095945458
51820330,토성면,93886502.75964205,815265.518529301,0.008683522067239576
51830250,양양읍,19831385.368872974,513940.054291077,0.025915489247551465
51830310,서면,268414254.15318596,470586.69974202005,0.0017532105410223587
51830320,손양면,29015115.544991486,335892.72342790395,0.011576473748900334
51830330,현북면,160938521.64778337,215319.127143887,0.0013378967629335907
51830340,현남면,54345520.78571547,356865.8846785,0.006566610817580038
51830350,강현면,38782717.442977875,982419.832301561,0.02533138204526308
52111110.0,풍남동3가,76001.59575929999,0.0,0.0
52111118.0,교동,857443.264118486,7743.78757009,0.009031253604926475
52111120.0,중노송동,266198.671258661,0.0,0.0
52111121.0,남노송동,285688.24502227,0.0,0.0
52111122.0,동완산동,379757.13097749,0.0,0.0
52111123.0,서완산동1가,111343.31795530001,0.0,0.0
52111124.0,서완산동2가,20249.810586649997,0.0,0.0
52111125.0,동서학동,1917765.099526979,0.0,0.0
52111126.0,서서학동,3636537.956451796,0.0,0.0
52111127.0,중화산동1가,198469.88038522,0.0,0.0
52111128.0,중화산동2가,482309.98853184603,34635.6717102,0.0718120555944345
52111129.0,서신동,119893.91461308999,0.0,0.0
52111130.0,석구동,3691092.169146269,42929.89241853,0.011630674730200375
52111131.0,원당동,1380763.656993906,10527.65203978,0.007624514149438149
52111132.0,평화동1가,1351950.878408336,0.0,0.0
52111133.0,평화동2가,2642314.8829615423,2812.78146302,0.00106451410509689
52111134.0,평화동3가,915907.4872092,0.0,0.0
52111135.0,중인동,9844096.839279586,32019.68474474,0.003252678764493267
52111136.0,용복동,7654017.277176368,77848.22005891,0.010170896829701025
52111137.0,삼천동1가,144754.0157614,0.0,0.0
52111138.0,삼천동2가,1311628.7217561011,7595.08527906,0.00579057560503186
52111139.0,삼천동3가,2488199.083506847,127590.457386212,0.051278235022250346
52111140.0,효자동1가,483341.82088207,0.0,0.0
52111141.0,효자동2가,521841.02445291006,0.0,0.0
52111142.0,효자동3가,2042433.871279188,21611.224174080002,0.010581113287425442
52111143.0,대성동,5996300.630023832,13374.8583171,0.002230518304924755
52111144.0,색장동,7111005.3396056285,0.0,0.0
52111145.0,상림동,1982277.777723465,30235.004594289996,0.015252657793002757
52113102.0,진북동,461097.80082566,34635.6717102,0.07511567317861849
52113103.0,인후동1가,503086.970920915,0.0,0.0
52113104.0,인후동2가,250739.47605344,43527.21339439,0.17359537508610354
52113105.0,덕진동1가,1174455.228461874,38775.8959482,0.033016069926295
52113106.0,덕진동2가,153441.62767888,1397.16175958,0.009105493605059745
52113107.0,금암동,235647.34018678998,0.0,0.0
52113109.0,팔복동2가,2981.94579649,0.0,0.0
52113110.0,팔복동3가,459134.64278992,0.0,0.0
52113111.0,산정동,719073.939112799,27863.8939705,0.0387496924236731
52113112.0,금상동,4930010.753625276,40665.802841,0.008248623557483412
52113113.0,우아동1가,11996940.20903631,181072.16158526,0.015093195300654514
52113115.0,우아동3가,384888.2209509,114316.31309479,0.2970117215132268
52113116.0,호성동1가,474199.536691298,13346.0845253,0.02814444868171233
52113117.0,호성동2가,446517.85830376804,0.0,0.0
52113118.0,호성동3가,75680.93798745,0.0,0.0
52113119.0,전미동1가,189938.787355437,22555.5217129,0.118751530569116
52113120.0,전미동2가,171361.13656763,0.0,0.0
52113121.0,송천동1가,954612.87261092,0.0,0.0
52113122.0,송천동2가,978792.49281042,22555.5217129,0.023044232438007396
52113123.0,반월동,42998.738256619996,0.0,0.0
52113125.0,용정동,74965.70522349,7377.51196155,0.09841182630852255
52113126.0,성덕동,100734.02777283499,2836.63132398,0.02815961385339301
52113127.0,원동,595490.747908402,2836.63132398,0.004763518717869868
52113130.0,여의동,95317.007770835,2972.13522105,0.031181583335009082
52113131.0,만성동,1031551.08270507,9295.83419889,0.009011511261772156
52113132.0,장동,271008.853743247,0.0,0.0
52113137.0,남정동,23878.03791707,0.0,0.0
52113138.0,중동,35902.89891555,0.0,0.0
52130101.0,해망동,374410.4225982,5941.88708719,0.01586998312161454
52130102.0,신흥동,130560.960989619,0.0,0.0
52130103.0,금동,78796.966298149,0.0,0.0
52130104.0,월명동,170353.1623918,0.0,0.0
52130107.0,금광동,86584.79181564,0.0,0.0
52130108.0,신풍동,102249.40703681001,0.0,0.0
52130109.0,송풍동,383264.76800699,0.0,0.0
52130110.0,문화동,128741.59731195,0.0,0.0
52130132.0,동흥남동,52692.00832570001,0.0,0.0
52130134.0,조촌동,556467.8557468171,42370.58678813,0.07614202033514737
52130137.0,구암동,677370.853309568,66724.73064776,0.09850546465315044
52130138.0,내흥동,738426.558179184,22313.52801979,0.03021766724481147
52130139.0,개정동,1207581.874886101,204604.88284594,0.16943354906286442
52130140.0,사정동,424093.103624355,0.0,0.0
52130141.0,수송동,15408.77650955,0.0,0.0
52130143.0,지곡동,525796.453093421,43210.09217675,0.08218026561900872
52130144.0,나운동,1187487.825090405,5904.32855184,0.004972117125824423
52130145.0,미룡동,1429795.047599969,10054.6325196,0.007032219433461841
52130146.0,소룡동,1685970.822063091,21995.57153609,0.013046234993067335
52130147.0,오식도동,601462.5238330701,0.0,0.0
52130148.0,비응도동,183109.5741045,0.0,0.0
52130149.0,신관동,408897.530389047,2932.16548428,0.007170905340245466
52130150.0,개사동,398384.753569746,5328.20599466,0.013374522862424706
52130151.0,산북동,419566.09520777303,0.0,0.0
52130152.0,내초동,279362.36808901,13863.5309703,0.049625620892083874
52130250.0,옥구읍,4980774.507549221,33949.88902417,0.0068161867140769175
52130310.0,옥산면,3603033.813075085,135943.02977119,0.03773015653582405
52130320.0,회현면,3887496.607143535,56674.877979421,0.014578759470883428
52130330.0,임피면,6457354.028496243,164576.97035093998,0.02548675039724682
52130340.0,서수면,7493690.924091943,235983.39479156898,0.03149094313896654
52130350.0,대야면,3708465.5185103533,195972.95096622998,0.05284475478821494
52130360.0,개정면,3905302.544549304,547768.8607274201,0.14026284890320476
52130370.0,성산면,10753092.09569834,760128.82012727,0.07068932483442147
52130380.0,나포면,12223501.707484042,533363.816772181,0.04363428987338547
52130390.0,옥도면,13833880.608901558,27784.78212354,0.0020084590079273625
52130400.0,옥서면,948786.657473264,67213.67368242,0.07084171468158955
52140111.0,동산동,41139.823383769995,0.0,0.0
52140112.0,마동,48569.824048163,0.0,0.0
52140113.0,남중동,31002.84008165,0.0,0.0
52140115.0,모현동2가,293649.598346914,0.0,0.0
52140119.0,현영동,170181.64087156,4321.09987948,0.02539110480631241
52140120.0,신용동,239400.844562585,12102.75446379,0.050554351576759186
52140121.0,신동,91011.27541268,6147.49109302,0.0675464777868997
52140122.0,영등동,49887.28432645,0.0,0.0
52140123.0,어양동,45456.18392532,0.0,0.0
52140124.0,신흥동,181728.105279205,0.0,0.0
52140125.0,금강동,84352.478600863,0.0,0.0
52140127.0,팔봉동,564574.154852619,0.0,0.0
52140128.0,덕기동,365081.587828346,5663.2671206800005,0.015512332885280302
52140129.0,석왕동,704957.04479291,0.0,0.0
52140130.0,은기동,424098.887581197,2710.85917633,0.006392045005803004
52140131.0,정족동,163209.75372470001,8489.93358208,0.05201854293831424
52140132.0,임상동,51854.387718344,3100.29013075,0.05978838565387673
52140133.0,월성동,101892.633016975,0.0,0.0
52140134.0,부송동,578068.410603635,3086.32729521,0.005339034686201192
52140135.0,용제동,46116.21212427,0.0,0.0
52140136.0,석암동,87059.05597806,0.0,0.0
52140250.0,함열읍,1277972.063064502,29853.63833429,0.023360165059244507
52140310.0,오산면,261184.651903721,13270.16973225,0.05080761689297772
52140320.0,황등면,444821.506087054,14478.0451388,0.03254798821702332
52140330.0,함라면,6206941.431111255,164205.23148339998,0.026455096009179134
52140340.0,웅포면,15108266.738759568,739417.4996784559,0.04894125265749472
52140350.0,성당면,5637525.833635488,166493.38496333998,0.029533059337835958
52140360.0,용안면,2056110.263495802,17924.424668228,0.008717637855546164
52140370.0,낭산면,9105328.380924799,111030.73655585002,0.012194039787565903
52140380.0,망성면,743253.550551574,17074.94917712,0.02297324939039787
52140390.0,여산면,20804068.554735754,1761002.4180904198,0.08464702053145044
52140400.0,금마면,13766167.64690055,198918.52669601006,0.014449811436140438
52140410.0,왕궁면,12196003.426773995,1146755.4788198178,0.0940271528870134
52140420.0,춘포면,736782.029256356,41796.789324549,0.05672883928335638
52140430.0,삼기면,3864860.44656383,46169.959440111,0.011946087078295359
52140440.0,용동면,683184.094721506,17082.07039154,0.02500361253068012
52180101.0,수성동,1479118.511010949,43066.49112679,0.029116322192029687
52180102.0,장명동,212158.65853544002,10820.5170072,0.05100200520636535
52180103.0,상동,1016125.401295557,5487.27763329,0.00540019728499429
52180104.0,시기동,2579520.382373233,7426.31614609,0.0028789523032407968
52180105.0,연지동,311509.30863245,0.0,0.0
52180106.0,농소동,265941.581307051,0.0,0.0
52180107.0,하모동,641946.28947329,0.0,0.0
52180108.0,상평동,2095269.90855637,24704.23562204,0.011790478888259837
52180109.0,과교동,1557960.8813923919,0.0,0.0
52180110.0,삼산동,1791012.153182891,47043.54809724,0.02626645945067247
52180111.0,진산동,1672659.370534881,0.0,0.0
52180112.0,금붕동,6792729.950863801,110972.47643459999,0.016336948066143584
52180113.0,송산동,4505023.582880604,25034.5477568,0.005557029235525644
52180114.0,신월동,6942455.935155668,257602.33082615,0.03710536058596876
52180115.0,용산동,4323381.214663116,129792.59679652,0.030021085431078186
52180116.0,교암동,4017914.193954291,21588.1738385,0.005372980306792881
52180117.0,부전동,11921933.637245128,128549.07189654,0.010782568986539384
52180118.0,쌍암동,10000368.35494093,5045.52559301,0.000504533974542761
52180119.0,내장동,19238148.43502952,81638.37233640999,0.004243567025803786
52180120.0,영파동,442294.250248682,41332.80084717,0.09345091152311033
52180121.0,하북동,423114.831964886,12522.9515347,0.02959705164800101
52180122.0,구룡동,5167507.281013248,130559.0770973,0.025265388125723147
52180123.0,흑암동,3263426.407406176,58207.672422920004,0.017836367411509794
52180124.0,용계동,2674396.073036533,35793.442287449994,0.013383747698526122
52180125.0,공평동,629316.2602434481,0.0,0.0
52180126.0,망제동,2425379.704545711,49364.87858409001,0.020353464033515675
52180127.0,신정동,22169227.02366618,0.0,0.0
52180250.0,신태인읍,1284049.506257749,42888.22083337999,0.03340075333884439
52180310.0,북면,12684629.760822415,466481.12835951004,0.03677530500734658
52180320.0,입암면,22777341.841356702,240524.98924938,0.010559835775597838
52180330.0,소성면,9241102.357160147,93376.72769816,0.010104500966360392
52180340.0,고부면,9971500.310432328,274292.63306137995,0.02750765928116264
52180350.0,영원면,4462851.451415376,25507.83847656,0.005715592094930761
52180360.0,덕천면,6813795.198435022,115110.03520231601,0.016893674061227177
52180370.0,이평면,2314875.371913963,25062.912040099996,0.01082689476253649
52180380.0,정우면,2851487.5266565382,23163.659302909997,0.008123359855643535
52180390.0,태인면,7210838.893835838,94347.39719548,0.013084108324224603
52180400.0,감곡면,7225703.089291561,222503.16277612,0.03079328890580462
52180410.0,옹동면,25589724.883885544,897654.22117431,0.03507869761193033
52180420.0,칠보면,41253732.14254217,1419063.123879981,0.03439841803831847
52180430.0,산내면,59699444.10585646,3336581.49879268,0.05588965774750596
52180440.0,산외면,56997594.128708616,2165935.54808744,0.03800047319885909
52190108.0,왕정동,400167.394117892,0.0,0.0
52190109.0,신정동,1516989.312236448,0.0,0.0
52190110.0,화정동,1345727.61000728,0.0,0.0
52190111.0,향교동,785443.233231963,15679.17213615,0.01996219646788848
52190112.0,용정동,1744554.569799809,56469.8543967,0.03236921067088204
52190113.0,광치동,6746870.537675527,131294.629317681,0.019460078355514946
52190114.0,내척동,3609895.157378809,29396.39582426,0.008143282434164957
52190115.0,산곡동,2354953.34531539,34318.52976106,0.014572912804972726
52190116.0,도통동,28449.54088678,0.0,0.0
52190117.0,월락동,1021708.71645609,18201.04555802,0.01781431954613478
52190118.0,고죽동,3071126.011379749,63249.65024155,0.02059493814554817
52190119.0,식정동,2578403.227449505,3051.28662283,0.0011834016457729383
52190120.0,갈치동,4463361.4129445,94455.40068216201,0.021162391288374147
52190121.0,노암동,1155564.087224646,4549.353712635,0.003936911645948883
52190122.0,어현동,4666837.257751609,78967.97782085,0.01692109097862462
52190123.0,신촌동,2098343.103173298,66031.705194316,0.031468497737313354
52190250.0,운봉읍,44313381.200258665,623011.2975890009,0.014059213734414025
52190310.0,주천면,50171520.167136826,695022.924985934,0.013852937337170532
52190320.0,수지면,22404460.396808084,350747.39828655,0.015655248645779492
52190330.0,송동면,13682113.757447056,200410.10720022,0.014647598372081835
52190340.0,주생면,11638960.19243118,263713.69297222,0.022657839584648905
52190350.0,금지면,19197989.811430104,52194.340336180016,0.0027187398706246075
52190360.0,대강면,30578528.70040335,1233086.3700639498,0.04032523546653455
52190370.0,대산면,23398367.46894988,851106.2437584251,0.036374599419718524
52190380.0,사매면,19827339.363255486,481420.15943657,0.02428062336637813
52190390.0,덕과면,12247915.8161432,173466.533218877,0.014162942971100585
52190400.0,보절면,32358369.29962947,756103.0202453071,0.023366536590395028
52190410.0,산동면,50543792.87598732,2073513.11237925,0.04102409008890087
52190420.0,이백면,33294966.848362293,588002.5206837149,0.017660402647694404
52190450.0,아영면,23125990.094511308,913667.8726878399,0.03950827051961285
52190460.0,산내면,108492547.05956739,272059.87435776,0.0025076365310917315
52190470.0,인월면,28137174.656668548,701446.2539537799,0.024929519843867345
52210101.0,요촌동,59580.1056954,0.0,0.0
52210102.0,신풍동,121585.13142029,0.0,0.0
52210103.0,용동,123803.92625711,0.0,0.0
52210104.0,검산동,263989.44777585997,9042.60406503,0.0342536572624964
52210105.0,순동,212640.65982728,1135.59470675,0.0053404401005546194
52210106.0,백학동,138544.960596648,0.0,0.0
52210107.0,서암동,205080.895708218,2996.61484458,0.01461186735230316
52210108.0,신곡동,117325.057999475,0.0,0.0
52210109.0,교동,78855.828593624,0.0,0.0
52210110.0,옥산동,28311.261757952998,0.0,0.0
52210111.0,갈공동,87234.97293765,0.0,0.0
52210112.0,하동,274175.354871942,0.0,0.0
52210113.0,흥사동,547994.582025871,19019.803893559998,0.03470801449030032
52210114.0,상동동,141510.739012121,0.0,0.0
52210115.0,월성동,32721.03941714,0.0,0.0
52210116.0,황산동,772654.509402546,19337.6385062,0.02502753594378528
52210117.0,난봉동,504298.59179846605,3868.17094945,0.007670398078358794
52210118.0,오정동,180555.87202155,0.0,0.0
52210119.0,복죽동,110042.807313733,9300.33384914,0.08451559966681572
52210120.0,입석동,251861.498478717,0.0,0.0
52210121.0,장화동,252454.846906102,0.0,0.0
52210122.0,신덕동,31746.672232657,0.0,0.0
52210123.0,월봉동,46462.90668212,0.0,0.0
52210124.0,신월동,64288.781127523,0.0,0.0
52210125.0,연정동,350310.933895446,4858.67841898,0.013869616814273128
52210126.0,명덕동,191982.13560016,13118.80129624,0.06833344808478664
52210127.0,제월동,122597.148659942,0.0,0.0
52210128.0,도장동,290029.465833289,0.0,0.0
52210129.0,서정동,242240.920254918,0.0,0.0
52210130.0,양전동,118595.115898486,0.0,0.0
52210250.0,만경읍,1763546.427234076,15866.309815460001,0.008996820027213302
52210320.0,죽산면,445209.926158137,2300.83567486,0.005167979282750204
52210330.0,백산면,1937628.909191994,8577.78166312,0.004426947607164367
52210340.0,용지면,1771786.180306881,47263.874180670995,0.026675834085400016
52210350.0,백구면,883603.59943501,1979.70828274,0.00224049368292055
52210360.0,부량면,135592.523965664,7105.1219300699995,0.05240054335052591
52210380.0,공덕면,1439392.699830237,38692.368641500994,0.026881037152727258
52210390.0,청하면,1213430.028731142,15335.492678526001,0.012638135133809077
52210400.0,성덕면,1134881.405138872,12914.8502761,0.011379911784279917
52210410.0,진봉면,1842496.955558588,21810.103410878,0.011837253432131644
52210420.0,금구면,18637677.803706545,244375.94607352,0.013111931038153264
52210430.0,봉남면,321420.620038966,2512.1787095500003,0.007815860442449049
52210440.0,황산면,988314.297123374,29724.314956579998,0.03007577148595011
52210450.0,금산면,52495364.12737393,737091.3400978909,0.014041074909194345
52710250.0,삼례읍,411553.831503207,26936.25965031,0.06545014913826674
52710253.0,봉동읍,8926944.693084968,504226.62694889505,0.05648367322578815
52710256.0,용진읍,16690919.18182228,243382.74575834998,0.014581746104397468
52710320.0,상관면,66911251.418527335,1826637.49395531,0.027299407128552444
52710330.0,이서면,4912157.453486624,165898.75079458198,0.03377309305849467
52710340.0,소양면,84327513.2214118,1673690.24742768,0.01984749915526632
52710350.0,구이면,79426725.19060981,1312068.8620589396,0.016519236553064615
52710360.0,고산면,58773873.10785562,1402545.342430011,0.023863415294346987
52710370.0,비봉면,37968864.84713082,5475592.385956768,0.14421269658712327
52710380.0,운주면,93512346.40727949,2213601.421516439,0.02367175572598102
52710390.0,화산면,57844467.22928301,6703778.77615899,0.11589317176328472
52710400.0,동상면,109819975.55897866,2034325.6548521,0.01852418600985363
52710410.0,경천면,38083362.037886105,1160707.792022856,0.03047808097583822
52720250.0,진안읍,91248730.77379146,4984646.531895361,0.05462702318843711
52720310.0,용담면,45556551.15772502,1092067.23801793,0.02397168377028796
52720320.0,안천면,27953369.4588106,729023.8492241902,0.026079999060521476
52720330.0,동향면,45218953.22055678,1888851.0316533898,0.04177122416877859
52720340.0,상전면,44152032.191783555,1502709.5608573,0.034034890043791594
52720350.0,백운면,80210949.16659945,2253512.05038131,0.02809481839818063
52720360.0,성수면,57405510.03327657,2706621.1140406104,0.047149151927605
52720370.0,마령면,33432555.356711008,1403456.18072499,0.04197872898887672
52720380.0,부귀면,96259484.18597256,3960814.8112485623,0.04114726818602414
52720390.0,정천면,67960107.12178136,1584563.9319479,0.023316089380324766
52720400.0,주천면,95787202.15584897,2423216.71720537,0.025297917286097527
52730250.0,무주읍,63378335.99227179,2505041.5795178604,0.03952520274156961
52730310.0,무풍면,83566819.34308712,2472113.8269177657,0.02958248077826676
52730320.0,설천면,148954384.87423298,1252193.2577548302,0.008406555193471462
52730330.0,적상면,127356920.18680209,3731557.15786193,0.029299995260474495
52730340.0,안성면,75429624.39294289,1089686.9559889901,0.014446405702783004
52730350.0,부남면,65484086.83835103,1164151.2770597697,0.01777762099567035
52740250.0,장수읍,81592322.76976581,2650851.362957209,0.03248898024924824
52740310.0,산서면,32066009.130690675,1859304.4268644997,0.05798365550532268
52740320.0,번암면,125913256.10077874,4709971.08379303,0.03740647513732194
52740335.0,장계면,58503264.593639165,2289810.888644959,0.03913988227067112
52740340.0,천천면,73484453.13915898,2492996.5173730105,0.03392549595017021
52740350.0,계남면,38391391.45823655,1246823.65735202,0.03247664671670879
52740360.0,계북면,47291910.13149032,1351585.2441285602,0.02857962895494421
52750250.0,임실읍,58101414.1890347,4229604.7266843505,0.07279693249674103
52750310.0,청웅면,29736862.74375414,1639914.1839683563,0.05514751835456482
52750320.0,운암면,58020807.83374151,2030564.89212621,0.03499718407824981
52750330.0,신평면,27359090.160296835,1072303.42121861,0.03919367986786063
52750340.0,성수면,54345017.549689546,2417534.38567077,0.04448493154796268
52750355.0,오수면,21233237.753579255,747326.7574979,0.03519608107679783
52750360.0,신덕면,62964283.72580544,3049830.62164484,0.04843747027959741
52750370.0,삼계면,41228865.082245335,2363477.29267555,0.05732579075268677
52750380.0,관촌면,40795610.24933247,2208366.52155388,0.05413245464541163
52750390.0,강진면,45518186.15032868,1602756.7865437898,0.035211350057985924
52750400.0,덕치면,36993873.934571,2586480.873890421,0.06991646450612297
52750410.0,지사면,8596501.468869312,718109.39501609,0.08353507500889686
52770250.0,순창읍,11820452.894991754,1170439.35330957,0.09901814792608137
52770310.0,인계면,27346108.85147993,2769995.31966174,0.10129394769493257
52770320.0,동계면,46520315.86004822,6092851.973810204,0.13097185307468565
52770330.0,풍산면,17559276.690354366,1591076.686739027,0.0906117441393833
52770340.0,금과면,16400970.266452698,1056483.760592403,0.06441593048634346
52770350.0,팔덕면,34192902.83919015,1752342.0243068899,0.0512487059828815
52770360.0,쌍치면,69200216.36706793,3632958.09103272,0.05249923023017639
52770370.0,복흥면,64501756.12288094,3663401.4179184805,0.05679537485676221
52770380.0,적성면,25198648.364572737,1391529.6660840097,0.05522239312011623
52770390.0,유등면,8384038.053404375,429741.7338957,0.05125713065212073
52770400.0,구림면,73714371.60966088,3421226.90407666,0.04641193880337277
52790250.0,고창읍,24327373.068249084,156963.462840005,0.006452133668508013
52790310.0,고수면,25031400.863567077,742058.4124537499,0.029645101226987564
52790320.0,아산면,50307720.55069918,197306.28045256,0.0039219880824001635
52790330.0,무장면,9332848.25474187,27603.74080304,0.0029576973770054586
52790340.0,공음면,14718268.943479856,162870.06502243003,0.01106584379235582
52790350.0,상하면,10194547.03014569,12504.42787211,0.0012265800368700933
52790360.0,해리면,15575392.630469238,112470.00335372,0.007221005981813996
52790370.0,성송면,14066677.210905885,32586.889404999998,0.002316601775701187
52790380.0,대산면,5804922.665299414,34180.44034655,0.005888181861728041
52790390.0,심원면,22208491.258590233,200491.05217462496,0.009027675488629833
52790400.0,흥덕면,2780404.046067176,12057.04028171,0.004336434590779867
52790410.0,성내면,7419915.873142332,106122.11811702001,0.014302334410710419
52790420.0,신림면,22053124.32443833,272323.0215130501,0.012348500716121813
52790430.0,부안면,25450152.053208366,208233.35810654,0.008182008408876642
52800250.0,부안읍,2368983.886985155,25611.29502252,0.010811088738604195
52800310.0,주산면,3494749.704743133,7364.00700965,0.0021071629249028753
52800320.0,동진면,1606284.463991675,19719.154747428,0.012276253172756952
52800330.0,행안면,1734958.320997427,39736.043226760004,0.02290316876541205
52800340.0,계화면,2861366.82821543,78950.93472039,0.027592035366409105
52800350.0,보안면,14478154.377401603,44652.458744400006,0.003084126441840979
52800360.0,변산면,67876264.02627042,21322.50967209,0.00031413793876217854
52800370.0,진서면,31854129.585847717,4649.5661361600005,0.00014596431284142602
52800380.0,백산면,577288.591367132,11541.04867054,0.01999181837841026
52800390.0,상서면,38705319.25838258,16822.74265438,0.000434636452475111
52800400.0,하서면,23161836.084271137,63419.985707960004,0.002738124278110559
52800410.0,줄포면,1222036.790062392,21422.11087935,0.01752984120736355
52800420.0,위도면,12306330.295559907,2856.155442279,0.00023208831338693173
